court_number,county_name,race,adjusted_total,jury_count,expected_count,jury_pool_pct,county_population_pct,representation_gap,court_binomial_p_value
971,Woodbury,Multiracial,10699,229,1529.7232768925237,2.14,14.297815467730851,-12.157815467730853,0
821,Scott,Multiracial,21066,515,1807.0566526161463,2.44,8.578072024191332,-6.138072024191333,3.9474575157533685e-301
771,Polk,Multiracial,19037,355,1472.8681075172656,1.86,7.736870869975656,-5.876870869975655,1.558942994170937e-283
641,Marshall,Multiracial,5162,65,709.430772298948,1.26,13.743331505210152,-12.483331505210153,9.739902502399221e-234
701,Muscatine,Multiracial,11980,207,958.4788176413919,1.73,8.000657910195258,-6.270657910195258,1.2064377088026988e-201
571,Linn,Multiracial,17696,310,1155.7595172257872,1.75,6.531190761899793,-4.781190761899793,1.288349869932545e-201
241,Crawford,Multiracial,2177,13,399.23480985439573,0.6,18.33876021379861,-17.73876021379861,4.17254359568429e-167
781,Pottawattamie,Multiracial,11686,189,816.1837429354341,1.62,6.9842866929268705,-5.36428669292687,3.598285596446661e-162
071,Black Hawk,Multiracial,16467,287,837.3668475150516,1.74,5.085120832665644,-3.3451208326656436,6.816264448797002e-112
311,Dubuque,Multiracial,8790,74,441.7634050287792,0.84,5.0257497727961224,-4.185749772796123,9.53205875495281e-108
231,Clinton,Multiracial,8395,114,494.61333967320826,1.36,5.891761044350307,-4.531761044350307,1.3310877768069655e-98
521,Johnson,Multiracial,6083,110,469.74232470840593,1.81,7.722214774098404,-5.912214774098404,8.05380183339719e-94
971,Woodbury,Hispanic/Latino,10699,1267,2045.8072604402946,11.84,19.121481077112765,-7.281481077112765,1.183246608423177e-91
901,Wapello,Multiracial,3175,28,285.0694248062893,0.88,8.978564560828008,-8.098564560828008,4.66305865181052e-90
851,Story,Multiracial,8614,133,497.6375689287918,1.54,5.7770788127326655,-4.2370788127326655,1.0517727513933572e-87
701,Muscatine,Hispanic/Latino,11980,1497,2253.3400690805706,12.5,18.80918254658239,-6.309182546582392,2.5438073912952277e-77
941,Webster,Multiracial,4115,63,325.5319091254134,1.53,7.9108604890744445,-6.380860489074444,7.044235260770769e-75
291,Des Moines,Multiracial,4324,78,331.5437420427677,1.8,7.667524099046432,-5.867524099046432,1.7699823880843518e-66
241,Crawford,Hispanic/Latino,2177,337,671.2762179762856,15.48,30.8349204398845,-15.3549204398845,1.7514093766653315e-61
771,Polk,Hispanic/Latino,19037,1323,1979.3485944253985,6.95,10.3973766582203,-3.4473766582203007,3.2684075040464366e-61
111,Buena Vista,Multiracial,1329,11,166.7573844745338,0.83,12.54758348190623,-11.71758348190623,1.2731160006448506e-60
641,Marshall,Hispanic/Latino,5162,795,1270.747120705988,15.4,24.617340579348856,-9.217340579348855,5.196399558388882e-59
721,Osceola,Multiracial,1371,3,139.1227868852459,0.22,10.147540983606556,-9.927540983606557,1.2261437454352065e-58
781,Pottawattamie,Hispanic/Latino,11686,612,1067.7309470799794,5.24,9.136838499743106,-3.8968384997431063,2.4092343751595103e-56
251,Dallas,Multiracial,4308,60,269.01059573206874,1.39,6.244442797866034,-4.854442797866034,6.808016037163289e-56
841,Sioux,Multiracial,2335,11,154.17499723848448,0.47,6.602783607643875,-6.1327836076438755,3.4889428869913476e-53
861,Tama,Multiracial,1675,18,167.91706189234054,1.07,10.024899217453166,-8.954899217453166,1.70027971467362e-52
991,Wright,Multiracial,797,8,114.96091001485419,1,14.424204518802282,-13.424204518802282,3.274609977874256e-42
351,Franklin,Multiracial,1153,8,114.6514664523905,0.69,9.943752511048611,-9.253752511048614,6.388814082271776e-41
361,Fremont,Multiracial,1758,13,121.44611605772182,0.74,6.908197727970525,-6.168197727970525,1.2004943495641822e-37
321,Emmet,Multiracial,1311,8,102.7624703087886,0.61,7.8384798099762465,-7.228479809976246,2.0903598703098608e-35
081,Boone,Multiracial,5730,67,221.09532023398833,1.17,3.858557072146393,-2.688557072146393,5.371647878656331e-35
161,Cedar,Multiracial,2509,16,114.85966537685977,0.64,4.577906152923865,-3.937906152923865,8.866791377157351e-32
671,Monona,Multiracial,1940,16,112.67734018931868,0.82,5.808110319037046,-4.9881103190370455,3.516045601786892e-31
841,Sioux,Hispanic/Latino,2335,157,334.85184469236714,6.72,14.340550093891528,-7.620550093891528,6.7541724710057e-31
711,O'Brien,Multiracial,1685,14,104.0152909528529,0.83,6.173014299872576,-5.343014299872576,1.2405087479764796e-29
171,Cerro Gordo,Multiracial,2820,38,150.81628823419027,1.35,5.348095327453556,-3.998095327453555,4.619799150411969e-29
861,Tama,Hispanic/Latino,1675,67,195.42328669670377,4,11.667061892340524,-7.667061892340525,7.599732627324714e-29
651,Mills,Multiracial,2033,16,103.82701812191102,0.79,5.107084019769357,-4.317084019769357,1.1577738433330973e-27
371,Greene,Multiracial,1858,10,90.03430018416206,0.54,4.845764272559853,-4.305764272559853,1.4358746185336028e-27
751,Plymouth,Multiracial,2769,30,131.42183555365673,1.08,4.746184021439391,-3.666184021439391,2.154627467268191e-27
071,Black Hawk,Hispanic/Latino,16467,581,862.1209394959137,3.53,5.235446283451228,-1.7054462834512285,1.2331724274865438e-25
821,Scott,Hispanic/Latino,21066,1179,1556.5926647118117,5.6,7.389123064235316,-1.7891230642353166,2.2953254397785286e-25
181,Cherokee,Multiracial,964,5,67.56310344827585,0.52,7.008620689655172,-6.488620689655171,6.79246426533357e-24
341,Floyd,Multiracial,1224,11,82.16962421711901,0.9,6.71320459290188,-5.813204592901879,7.7734250533452e-24
301,Dickinson,Multiracial,1715,11,81.31712062256808,0.64,4.741523068371317,-4.101523068371318,3.22193011909423e-23
351,Franklin,Hispanic/Latino,1153,78,190.1593009240659,6.76,16.492567296102852,-9.732567296102852,4.08316990013979e-23
501,Jasper,Multiracial,2233,18,94.37034304684619,0.81,4.226168519787111,-3.4161685197871106,1.8189270364854187e-22
911,Warren,Multiracial,1994,18,92.72032200555056,0.9,4.649965998272345,-3.749965998272345,6.25023215234687e-22
581,Louisa,Multiracial,939,11,75.4506461884248,1.17,8.03521258662671,-6.8652125866267095,2.141500093520368e-21
921,Washington,Multiracial,1575,14,82.44647843623953,0.89,5.234697043570764,-4.344697043570764,3.063621919765772e-21
031,Allamakee,Multiracial,994,7,65.4578484246381,0.7,6.585296622196991,-5.885296622196991,7.001573170171617e-21
901,Wapello,Hispanic/Latino,3175,259,426.3022453481138,8.16,13.426842373168938,-5.266842373168938,1.0106349969085359e-20
941,Webster,Hispanic/Latino,4115,139,272.09469717508,3.38,6.612264815919319,-3.2322648159193195,3.839706082522979e-20
401,Hamilton,Multiracial,765,6,57.40326481257558,0.78,7.503694746741905,-6.723694746741905,1.0466706322517617e-18
551,Kossuth,Multiracial,1602,12,71.51391567925047,0.75,4.464039680352714,-3.7140396803527143,1.2442231707393382e-18
791,Poweshiek,Multiracial,1492,16,78.60253437584254,1.07,5.268266379077918,-4.198266379077918,2.350696700987603e-18
562,Lee,Multiracial,1553,14,72.52023226826377,0.9,4.669686559450339,-3.769686559450339,1.6019004434091478e-17
731,Page,Multiracial,1751,20,83.6675038001454,1.14,4.778269777278435,-3.638269777278435,2.0966976490267317e-17
141,Carroll,Multiracial,1186,9,61.56327085558901,0.76,5.190832281246966,-4.430832281246966,2.2274458240524937e-17
431,Harrison,Multiracial,1541,9,61.82114543466375,0.58,4.01175505740842,-3.43175505740842,2.3597021228167705e-17
331,Fayette,Multiracial,1262,12,67.13044379925343,0.95,5.319369556200747,-4.369369556200747,4.2282877268890255e-17
991,Wright,Hispanic/Latino,797,73,158.70213431318896,9.16,19.912438433273397,-10.752438433273396,8.285946014949829e-17
741,Palo Alto,Multiracial,1652,16,74.37075482342323,0.97,4.50186167212005,-3.5318616721200504,9.140047622685968e-17
281,Delaware,Multiracial,1022,2,42.549379200364505,0.2,4.163344344458367,-3.963344344458367,1.374644689173647e-16
961,Winneshiek,Multiracial,1316,9,59.399788657978164,0.68,4.5136617521260005,-3.833661752126,1.748098089908906e-16
211,Clay,Multiracial,1688,13,67.57742542980378,0.77,4.003401980438612,-3.2334019804386123,2.1839843446878464e-16
201,Clarke,Multiracial,794,9,57.77085489546677,1.13,7.275926309252742,-6.145926309252742,3.8825051257788646e-16
951,Winnebago,Multiracial,1032,11,61.82443541528867,1.07,5.990739865822546,-4.920739865822545,5.812628265934425e-16
621,Mahaska,Multiracial,1650,16,71.5566958812043,0.97,4.3367694473457155,-3.3667694473457157,9.18595257267548e-16
971,Woodbury,Black/African American,10699,362,529.1748943499581,3.38,4.946022005327209,-1.5660220053272091,2.0093917004086814e-15
851,Story,Hispanic/Latino,8614,297,444.47849023550253,3.45,5.159954611510361,-1.7099546115103612,1.6209493829305436e-14
571,Linn,Hispanic/Latino,17696,538,729.524147406132,3.04,4.122536999356533,-1.0825369993565328,2.0539771322110162e-14
721,Osceola,Hispanic/Latino,1371,68,145.41590163934427,4.96,10.60655737704918,-5.64655737704918,5.34768767962293e-14
531,Jones,Multiracial,1573,14,62.40510145482389,0.89,3.9672664624808576,-3.0772664624808574,7.298457753237221e-14
761,Pocahontas,Multiracial,765,4,40.93173431734317,0.52,5.350553505535055,-4.830553505535056,8.545152128055019e-14
611,Madison,Multiracial,1465,5,43.62282878411911,0.34,2.977667493796526,-2.6376674937965263,9.98086153525306e-14
831,Shelby,Multiracial,1182,9,51.984717269485486,0.76,4.398030225844796,-3.638030225844796,1.0834000587232677e-13
031,Allamakee,Hispanic/Latino,994,32,90.92151575361909,3.22,9.147033778030089,-5.927033778030086,1.352298770074606e-13
111,Buena Vista,Hispanic/Latino,1329,273,390.25326458825225,20.54,29.364429239146144,-8.824429239146145,1.7235547678727474e-13
191,Chickasaw,Multiracial,1038,4,40.00084695519607,0.39,3.8536461421190817,-3.4636461421190816,2.6360353587324944e-13
511,Jefferson,Asian,742,15,60.71123845908946,2.02,8.182107609041706,-6.162107609041707,5.37655520046183e-13
451,Howard,Multiracial,1013,3,36.25134992059291,0.3,3.578613022763367,-3.278613022763367,8.88792924658534e-13
541,Keokuk,Multiracial,1414,7,45.45203546956872,0.5,3.2144296654574767,-2.7144296654574767,9.956773067754747e-13
601,Lyon,Multiracial,1394,13,56.73655648741984,0.93,4.0700542673902325,-3.1400542673902323,1.4675365850554419e-12
391,Guthrie,Multiracial,1036,6,42.358907185628745,0.58,4.088697604790419,-3.5086976047904193,1.9317503492638383e-12
051,Audubon,Multiracial,976,2,32.59724950884087,0.2,3.3398821218074657,-3.1398821218074655,2.4073771841123773e-12
691,Montgomery,Multiracial,1452,9,47.90718621499902,0.62,3.2993929900137067,-2.6793929900137066,4.099312304979631e-12
071,Black Hawk,Native Hawaiian/Pacific Islander,16467,54,121.13169883020855,0.33,0.7356027134888476,-0.4056027134888476,5.208566187304085e-12
531,Jones,Black/African American,1573,5,38.6926684532925,0.32,2.459800918836141,-2.139800918836141,8.976442025313703e-12
851,Story,Asian,8614,421,569.4023251647322,4.89,6.610196484382776,-1.7201964843827762,1.05197955197903e-11
471,Ida,Multiracial,1010,9,46.47373751989582,0.89,4.601360150484735,-3.7113601504847344,1.0924631800797303e-11
321,Emmet,Hispanic/Latino,1311,67,133.3364284171885,5.11,10.170589505506369,-5.0605895055063685,2.4658326574893074e-11
481,Iowa,Multiracial,1479,17,60.210092687950564,1.15,4.07100018174108,-2.92100018174108,2.5674545132502188e-11
441,Henry,Multiracial,894,13,51.84163167366527,1.45,5.798840231953609,-4.348840231953609,5.220908581803427e-11
631,Marion,Multiracial,1690,13,52.193983710837635,0.77,3.0884014030081444,-2.3184014030081443,6.089040495074551e-11
251,Dallas,Hispanic/Latino,4308,197,297.3800014819206,4.57,6.90297125074096,-2.33297125074096,1.01059874780436e-10
931,Wayne,Multiracial,530,2,28.236374770361298,0.38,5.327617881200245,-4.947617881200245,1.1880305020604442e-10
221,Clayton,Multiracial,972,4,33.19414565332393,0.41,3.4150355610415564,-3.005035561041556,1.3993123278633122e-10
061,Benton,Multiracial,1761,17,57.298903747473176,0.97,3.253770797698647,-2.283770797698647,2.477903372851079e-10
311,Dubuque,Hispanic/Latino,8790,191,287.0530142381097,2.17,3.2656770675552864,-1.0956770675552865,5.835712280369857e-10
311,Dubuque,Native Hawaiian/Pacific Islander,8790,26,71.18630717964253,0.3,0.8098555993133394,-0.5098555993133393,6.049699658179951e-10
901,Wapello,Native Hawaiian/Pacific Islander,3175,30,76.94629828629603,0.94,2.4235054578360953,-1.483505457836095,6.281415179118933e-10
561,Lee,Multiracial,1492,26,69.67172346699905,1.74,4.669686559450339,-2.9296865594503387,9.148433094529835e-10
491,Jackson,Multiracial,2251,20,60.48329035585353,0.89,2.6869520371325426,-1.7969520371325425,9.664376999356937e-10
411,Hancock,Multiracial,981,6,34.84200168681473,0.61,3.551682129135039,-2.9416821291350392,1.4208378422578287e-9
091,Bremer,Multiracial,1018,8,38.57284558006665,0.79,3.7890810982383742,-2.9990810982383747,1.673305490062888e-9
021,Adams,Multiracial,661,4,29.92932081722805,0.61,4.527885146327995,-3.917885146327995,2.2725480500791014e-9
971,Woodbury,Native Hawaiian/Pacific Islander,10699,32,78.04196824380924,0.3,0.7294323604431184,-0.4294323604431184,2.6323008821528173e-9
581,Louisa,Hispanic/Latino,939,92,154.24292938752572,9.8,16.426297059374413,-6.626297059374412,3.5663585145470526e-9
711,O'Brien,Hispanic/Latino,1685,70,128.11057624238993,4.15,7.603001557411865,-3.4530015574118647,4.742244798651715e-9
201,Clarke,Hispanic/Latino,794,77,133.4564272407369,9.7,16.808114262057543,-7.108114262057544,7.145689267944094e-9
711,O'Brien,Black/African American,1685,4,28.628061730143003,0.24,1.6989947614328191,-1.4589947614328191,9.933209361733385e-9
271,Decatur,Multiracial,516,2,23.675215878334836,0.39,4.58822013146024,-4.19822013146024,9.935187720239198e-9
921,Washington,Hispanic/Latino,1575,68,122.09897610921502,4.32,7.752315943442223,-3.432315943442223,2.3895169993421447e-8
871,Taylor,Hispanic/Latino,634,18,51.428766189502376,2.84,8.11179277436946,-5.271792774369461,2.6686020104205766e-8
641,Marshall,Asian,5162,139,212.58473350949794,2.69,4.118262950590816,-1.4282629505908164,2.6800950009674122e-8
751,Plymouth,Black/African American,2769,27,66.14110381792054,0.98,2.3886278012972384,-1.4086278012972384,3.071716777844795e-8
151,Cass,Multiracial,1723,11,40.52260232131948,0.64,2.3518631643249845,-1.7118631643249844,3.192911881628424e-8
461,Humboldt,Multiracial,933,8,34.92305286205818,0.86,3.743092482535711,-2.883092482535711,3.205174830002892e-8
731,Page,Black/African American,1751,6,29.97217632674641,0.34,1.7117176657193838,-1.3717176657193837,1.0145553299392419e-7
121,Butler,Multiracial,945,4,25.631833473507143,0.42,2.7123633305298567,-2.2923633305298567,1.2105330520540693e-7
101,Buchanan,Multiracial,1546,11,38.62385232434522,0.71,2.4983086885087467,-1.7883086885087467,1.2862997780919366e-7
111,Buena Vista,Black/African American,1329,14,43.4824362742736,1.05,3.2718161229701734,-2.221816122970173,1.3377753263562977e-7
041,Appanoose,Multiracial,836,4,25.112934996717005,0.48,3.0039395929087327,-2.5239395929087327,1.8429801560201136e-7
811,Sac,Multiracial,745,6,28.91113634017958,0.81,3.880689441634843,-3.0706894416348436,1.9523393215134457e-7
131,Calhoun,Multiracial,581,5,26.670407018259716,0.86,4.590431500561053,-3.730431500561053,2.3488514992589205e-7
231,Clinton,Hispanic/Latino,8395,220,302.64675369585893,2.62,3.6050834269905767,-0.9850834269905766,2.3571832128636312e-7
981,Worth,Multiracial,931,9,34.07333333333333,0.97,3.659863945578231,-2.6898639455782307,2.5643719115008255e-7
681,Monroe,Multiracial,707,2,19.855849860242248,0.28,2.8084653267669375,-2.5284653267669377,4.118059699563542e-7
461,Humboldt,Hispanic/Latino,933,22,53.600563027838604,2.36,5.7449692419977065,-3.3849692419977067,4.841592021193223e-7
871,Taylor,Multiracial,634,4,23.661554192229037,0.63,3.7321063394683023,-3.1021063394683024,6.011381643673348e-7
011,Adair,Multiracial,715,2,19.264745308310992,0.28,2.6943699731903483,-2.4143699731903485,7.146968757352098e-7
421,Hardin,Multiracial,742,5,25.195624737063525,0.67,3.3956367570166477,-2.725636757016648,8.968365880013479e-7
411,Hancock,Hispanic/Latino,981,26,58.37644082091651,2.65,5.9507075250679415,-3.3007075250679416,9.144597914822399e-7
081,Boone,Hispanic/Latino,5730,111,168.2387130643468,1.94,2.9361031948402583,-0.9961031948402584,1.230290907266263e-6
401,Hamilton,Hispanic/Latino,765,41,77.59975816203143,5.36,10.143759236866854,-4.783759236866854,1.4013013687594634e-6
641,Marshall,American Indian/Alaskan Native,5162,31,65.11372588123848,0.6,1.261404995762078,-0.6614049957620781,1.7783323743933963e-6
771,Polk,Black/African American,19037,1251,1415.02029512595,6.57,7.43300044716053,-0.8630004471605295,2.1286862221226138e-6
511,Jefferson,Multiracial,742,6,25.654632282712512,0.81,3.457497612225406,-2.647497612225406,2.806183675225415e-6
291,Des Moines,Hispanic/Latino,4324,106,158.97471873619665,2.45,3.67656611323304,-1.2265661132330394,3.561832220856937e-6
561,Lee,Hispanic/Latino,1492,23,51.93627823549083,1.54,3.4809837959444256,-1.9409837959444256,4.0057320440962986e-6
521,Johnson,Hispanic/Latino,6083,326,409.8594985923046,5.36,6.737785608947963,-1.3777856089479623,5.333771693693607e-6
961,Winneshiek,Hispanic/Latino,1316,16,40.52694610778443,1.22,3.0795551753635584,-1.8595551753635584,8.062129638474712e-6
261,Davis,Multiracial,694,4,20.387244730807033,0.58,2.937643332969313,-2.357643332969313,1.0124951233378177e-5
801,Ringgold,Multiracial,544,2,16.16189451022605,0.37,2.970936490850377,-2.6009364908503767,1.16970055267882e-5
181,Cherokee,Hispanic/Latino,964,25,51.607241379310345,2.59,5.3534482758620685,-2.7634482758620686,2.073980489472799e-5
151,Cass,Hispanic/Latino,1723,22,46.969379963347585,1.28,2.7260232131948685,-1.4460232131948685,3.227641561975003e-5
371,Greene,Hispanic/Latino,1858,36,65.65446593001842,1.94,3.533609576427256,-1.593609576427256,3.611157503516836e-5
851,Story,American Indian/Alaskan Native,8614,17,39.86930901996695,0.2,0.462843150916728,-0.262843150916728,3.633288263423142e-5
191,Chickasaw,Hispanic/Latino,1038,23,47.913102396883204,2.22,4.615905818582197,-2.395905818582197,3.633993611625549e-5
751,Plymouth,Hispanic/Latino,2769,129,177.77438148133763,4.66,6.42016545616965,-1.7601654561696505,4.6127414357407476e-5
411,Hancock,Asian,981,1,12.22687658138881,0.1,1.2463686627307655,-1.1463686627307657,6.068211612944582e-5
081,Boone,Black/African American,5730,37,65.96332683365831,0.65,1.1511924403779812,-0.5011924403779812,6.847880314575948e-5
481,Iowa,Hispanic/Latino,1479,26,50.53347064881566,1.76,3.416732295389835,-1.656732295389835,8.79979900105934e-5
691,Montgomery,Black/African American,1452,9,26.15703935774427,0.62,1.801448991580184,-1.1814489915801842,9.219278962905655e-5
671,Monona,Hispanic/Latino,1940,28,52.82458805656188,1.44,2.7229169101320556,-1.2829169101320557,1.126231938973315e-4
851,Story,Black/African American,8614,186,239.73029681683363,2.16,2.783031075189617,-0.6230310751896164,1.5033483003007466e-4
891,Van Buren,Multiracial,622,5,18.46844358514017,0.8,2.969203148736362,-2.1692031487363623,1.9636114419733665e-4
881,Union,Multiracial,755,8,23.355707496039354,1.06,3.0934711915283915,-2.0334711915283914,1.9800056870801453e-4
281,Delaware,American Indian/Alaskan Native,1022,1,10.94293199681057,0.1,1.0707369859892926,-0.9707369859892926,2.010552543923318e-4
571,Linn,Black/African American,17696,947,1056.740578424723,5.35,5.971635275908245,-0.6216352759082451,2.163422810360636e-4
321,Emmet,Black/African American,1311,7,21.515007557762903,0.53,1.6411142301878645,-1.1111142301878645,2.5436203178735503e-4
211,Clay,Hispanic/Latino,1688,51,80.08796549419841,3.02,4.744547718850617,-1.724547718850617,2.5591296121711525e-4
781,Pottawattamie,Black/African American,11686,176,226.40499229320088,1.51,1.937403665011132,-0.4274036650111319,2.589055291998398e-4
031,Allamakee,Black/African American,994,5,18.127873971047404,0.5,1.823729775759296,-1.323729775759296,2.693282899866951e-4
171,Cerro Gordo,Hispanic/Latino,2820,118,158.55554513041847,4.18,5.622537061362357,-1.4425370613623576,3.2775438525678815e-4
661,Mitchell,Multiracial,860,4,16.02080378250591,0.47,1.8628841607565012,-1.3928841607565012,3.612027978398387e-4
221,Clayton,Hispanic/Latino,972,8,22.510315640980426,0.82,2.3158760947510726,-1.4958760947510727,3.6731118017226615e-4
761,Pocahontas,Hispanic/Latino,765,24,44.731762702242406,3.14,5.84728924212319,-2.7072892421231898,3.7580562316528164e-4
501,Jasper,Hispanic/Latino,2233,43,69.24806344522317,1.93,3.101122411340043,-1.1711224113400431,4.060900646062828e-4
831,Shelby,American Indian/Alaskan Native,1182,1,10.136016301579216,0.08,0.8575309899813212,-0.7775309899813212,4.257323921845737e-4
311,Dubuque,Black/African American,8790,209,260.2471978188427,2.38,2.960718974048268,-0.5807189740482683,4.956911792363827e-4
121,Butler,Asian,945,2,11.855550883095038,0.21,1.254555649004766,-1.044555649004766,5.59846786422586e-4
691,Montgomery,Asian,1452,4,15.495202663011552,0.28,1.0671627178382612,-0.7871627178382612,5.618253817783208e-4
161,Cedar,Hispanic/Latino,2509,44,69.32601231674751,1.75,2.76309335658619,-1.01309335658619,6.601133382827338e-4
621,Mahaska,Hispanic/Latino,1650,22,41.21066254938468,1.33,2.4976159120839196,-1.1676159120839196,6.919239045438603e-4
701,Muscatine,Black/African American,11980,219,269.66893019102895,1.83,2.2509927394910596,-0.42099273949105953,7.322435163824273e-4
601,Lyon,Hispanic/Latino,1394,32,53.87107383654004,2.3,3.864495971057392,-1.5644959710573922,7.476505044498893e-4
111,Buena Vista,Native Hawaiian/Pacific Islander,1329,21,38.935671951043226,1.58,2.929696911289934,-1.349696911289934,0.0010872678317644662
451,Howard,Hispanic/Latino,1013,17,33.46278454208576,1.68,3.3033350979354155,-1.6233350979354155,0.0011404559612022002
471,Ida,Asian,1010,0,6.722616119230214,0,0.6656055563594271,-0.6656055563594271,0.001176644014273322
571,Linn,Asian,17696,363,423.4656092937514,2.05,2.393001860837203,-0.34300186083720297,0.0012900022506631484
551,Kossuth,Hispanic/Latino,1602,48,72.17608156516947,3,4.505373381096721,-1.505373381096721,0.0013231632111819723
881,Union,Hispanic/Latino,755,14,28.958559159509715,1.85,3.835570749603936,-1.985570749603936,0.0013907726246940083
421,Hardin,Hispanic/Latino,742,23,40.62515776188473,3.1,5.475088647154276,-2.3750886471542763,0.001522380615517999
241,Crawford,American Indian/Alaskan Native,2177,5,15.648399582232598,0.23,0.7188056767217547,-0.4888056767217547,0.0017272508970417324
971,Woodbury,American Indian/Alaskan Native,10699,152,191.22799702579837,1.42,1.7873445838470732,-0.3673445838470733,0.0017706058002602554
171,Cerro Gordo,Black/African American,2820,43,65.28757740664288,1.52,2.3151623193844997,-0.7951623193844997,0.001984338594273334
391,Guthrie,Hispanic/Latino,1036,17,32.08420658682635,1.64,3.096931137724551,-1.456931137724551,0.0023563111205215587
581,Louisa,American Indian/Alaskan Native,939,0,5.891833676718487,0,0.6274583255291253,-0.6274583255291253,0.0027111137133913146
501,Jasper,Black/African American,2233,19,34.30044264109185,0.85,1.5360699794488064,-0.6860699794488064,0.003073365903780872
141,Carroll,Hispanic/Latino,1186,25,41.46450422453142,2.11,3.4961639312421093,-1.3861639312421097,0.003620014787529924
581,Louisa,Asian,939,9,20.313635512268217,0.96,2.163326465630268,-1.2033264656302678,0.003864467354039306
611,Madison,Black/African American,1465,4,12.896431525463782,0.27,0.880302493205719,-0.6103024932057189,0.003916691294814019
311,Dubuque,Asian,8790,92,120.18236897909725,1.05,1.367262445723518,-0.317262445723518,0.0042204002399745064
441,Henry,Hispanic/Latino,894,32,49.5623875224955,3.58,5.543891221755649,-1.9638912217556488,0.004276001485167506
741,Palo Alto,Black/African American,1652,14,27.026966038587386,0.85,1.6360148933769605,-0.7860148933769605,0.004289609267703006
441,Henry,Black/African American,894,11,22.79244151169766,1.23,2.549490101979604,-1.319490101979604,0.004562426171914622
621,Mahaska,Asian,1650,7,17.158621316016532,0.42,1.0399164433949413,-0.6199164433949413,0.004761848164384829
361,Fremont,Hispanic/Latino,1758,40,59.10377648142463,2.28,3.361989560945656,-1.0819895609456562,0.004877858221466035
541,Keokuk,Hispanic/Latino,1414,19,33.19850866586054,1.34,2.347843611446997,-1.007843611446997,0.00503471398948991
251,Dallas,Asian,4308,174,209.99744368701838,4.04,4.874592471843509,-0.8345924718435089,0.005041532224291338
791,Poweshiek,Asian,1492,17,30.572121865732004,1.14,2.0490698301428956,-0.9090698301428956,0.005188788154517304
511,Jefferson,Hispanic/Latino,742,17,30.426488379496977,2.29,4.1006049028971665,-1.8106049028971665,0.005196756680156857
471,Ida,Hispanic/Latino,1010,26,41.79713500217046,2.57,4.138330198234699,-1.5683301982346989,0.005248155457542611
151,Cass,Black/African American,1723,6,15.524893097128894,0.35,0.901038485033598,-0.5510384850335981,0.00530525655426367
981,Worth,Asian,931,0,5.193333333333333,0,0.5578231292517006,-0.5578231292517006,0.005473307227035994
381,Grundy,American Indian/Alaskan Native,1109,0,5.193959948320414,0,0.4683462532299742,-0.4683462532299742,0.005482681807399021
271,Decatur,Hispanic/Latino,516,8,18.221935816471195,1.55,3.5313829101688365,-1.9813829101688365,0.005540744632495344
111,Buena Vista,Asian,1329,100,126.92516744567051,7.52,9.550426444369489,-2.030426444369489,0.005583851557065954
881,Union,Black/African American,755,4,12.338864337530225,0.53,1.6342866672225465,-1.1042866672225464,0.005706288549503793
381,Grundy,Hispanic/Latino,1109,9,19.611676356589147,0.81,1.7684108527131783,-0.9584108527131784,0.005920783020401559
301,Dickinson,Hispanic/Latino,1715,32,48.90466926070039,1.87,2.851584213451918,-0.9815842134519176,0.00608551524200843
641,Marshall,Black/African American,5162,81,106.03500024928954,1.57,2.054145684798325,-0.4841456847983248,0.006348995173930448
231,Clinton,Black/African American,8395,221,260.189115587447,2.63,3.099334313132186,-0.4693343131321863,0.006407197341114308
101,Buchanan,Hispanic/Latino,1546,17,29.883057891176193,1.1,1.9329274185754328,-0.8329274185754325,0.007238699861829346
562,Lee,Asian,1553,2,8.734533183352081,0.13,0.562429696287964,-0.432429696287964,0.007589623962381614
621,Mahaska,Native Hawaiian/Pacific Islander,1650,0,4.870351028563643,0,0.2951727896099178,-0.2951727896099178,0.007615625312776323
961,Winneshiek,American Indian/Alaskan Native,1316,0,4.8340965128566395,0,0.3673325617672219,-0.3673325617672219,0.007883392709456039
381,Grundy,Multiracial,1109,10,20.41763565891473,0.9,1.8410852713178296,-0.9410852713178296,0.008174548898978944
461,Humboldt,Native Hawaiian/Pacific Islander,933,1,6.809508914607445,0.11,0.7298509018871859,-0.619850901887186,0.00845711001679119
801,Ringgold,Hispanic/Latino,544,4,11.711517761033369,0.74,2.1528525296017222,-1.4128525296017225,0.008761567689630375
511,Jefferson,Black/African American,742,9,18.85119388729704,1.21,2.5405921680993315,-1.3305921680993316,0.008962814425193737
611,Madison,Hispanic/Latino,1465,20,33.14988774666194,1.37,2.262790972468392,-0.8927909724683918,0.009178868240084716
681,Monroe,Black/African American,707,2,8.469319845600959,0.28,1.1979235990949022,-0.9179235990949022,0.009221792697447573
721,Osceola,American Indian/Alaskan Native,1371,6,14.609016393442623,0.44,1.0655737704918031,-0.6255737704918032,0.009484504715422842
331,Fayette,Asian,1262,4,11.580982994608048,0.32,0.917669017005392,-0.597669017005392,0.009921953382393048
341,Floyd,Hispanic/Latino,1224,32,47.51304801670146,2.61,3.88178496868476,-1.2717849686847602,0.009964044550968632
951,Winnebago,Hispanic/Latino,1032,43,60.36171217991119,4.17,5.849003118208448,-1.6790031182084482,0.009973087695034938
761,Pocahontas,Black/African American,765,3,9.880073800738007,0.39,1.2915129151291511,-0.9015129151291512,0.010919498883157
041,Appanoose,Hispanic/Latino,836,8,17.085029546946814,0.96,2.0436638214051213,-1.0836638214051213,0.011371132448404384
521,Johnson,Asian,6083,303,343.64664610984494,4.98,5.649295513888623,-0.6692955138886223,0.01178285450698294
581,Louisa,Black/African American,939,3,9.67315976774677,0.32,1.030155459823937,-0.710155459823937,0.012788486237371747
531,Jones,Asian,1573,3,9.63552833078101,0.19,0.6125574272588056,-0.4225574272588056,0.01327784277313766
591,Lucas,Multiracial,519,6,13.933685176686554,1.16,2.684717760440569,-1.5247177604405693,0.013865271156575014
011,Adair,Black/African American,715,4,11.022117962466488,0.56,1.5415549597855227,-0.9815549597855228,0.014340710546426967
051,Audubon,Hispanic/Latino,976,14,24.404357921057333,1.43,2.5004465083050547,-1.0704465083050547,0.015448708192509595
861,Tama,Black/African American,1675,11,20.555193265354518,0.66,1.227175717334598,-0.567175717334598,0.015719849985051538
781,Pottawattamie,Asian,11686,82,103.69598818290804,0.7,0.8873522863504025,-0.18735228635040255,0.015722804439319785
741,Palo Alto,Hispanic/Latino,1652,42,57.96818233103915,2.54,3.5089698747602394,-0.9689698747602392,0.015909231569938356
651,Mills,Hispanic/Latino,2033,60,78.56802580999451,2.95,3.864634816035146,-0.9146348160351456,0.015960631021441487
941,Webster,Asian,4115,36,50.75977335574473,0.87,1.233530336713116,-0.3635303367131161,0.01805134186540848
511,Jefferson,American Indian/Alaskan Native,742,1,5.811270296084049,0.13,0.7831900668576885,-0.6531900668576885,0.020063448520091277
011,Adair,Hispanic/Latino,715,13,22.523458445040216,1.82,3.1501340482573728,-1.3301340482573727,0.020308600487247436
981,Worth,Black/African American,931,2,7.473333333333333,0.21,0.8027210884353742,-0.5927210884353742,0.02032804887288084
401,Hamilton,Black/African American,765,2,7.400241837968562,0.26,0.9673518742442564,-0.7073518742442563,0.02143080815369083
901,Wapello,Asian,3175,42,56.92409931564958,1.32,1.7928850178157345,-0.4728850178157342,0.0229435170099134
831,Shelby,Asian,1182,1,5.619969434538971,0.08,0.47546272711835624,-0.3954627271183562,0.023772302676451255
491,Jackson,Hispanic/Latino,2251,24,35.52377514182569,1.07,1.5781330582774626,-0.5081330582774626,0.02588526469096212
261,Davis,Hispanic/Latino,694,9,16.90095009282516,1.3,2.4352954024243747,-1.1352954024243749,0.0261405569407712
621,Mahaska,Black/African American,1650,13,21.954043867217656,0.79,1.3305481131647063,-0.5405481131647063,0.027605775061097217
731,Page,Hispanic/Latino,1751,44,58.439957702729494,2.51,3.337519000726984,-0.8275190007269844,0.027911664015214718
491,Jackson,Black/African American,2251,13,21.941155234657042,0.58,0.9747292418772564,-0.39472924187725633,0.02797506228498171
181,Cherokee,Black/African American,964,9,16.786896551724137,0.93,1.7413793103448274,-0.8113793103448274,0.028146937022587974
951,Winnebago,Black/African American,1032,14,23.111027118964376,1.36,2.2394406123027495,-0.8794406123027494,0.02826489841575858
981,Worth,Hispanic/Latino,931,22,32.68,2.36,3.510204081632653,-1.150204081632653,0.029482509620935324
911,Warren,Hispanic/Latino,1994,58,74.02966420996526,2.91,3.7126210737194216,-0.8026210737194215,0.029490487279664676
811,Sac,Hispanic/Latino,745,22,32.448137062648364,2.95,4.3554546392816595,-1.4054546392816594,0.03164008931435407
241,Crawford,Asian,2177,35,47.74768077655588,1.61,2.1932788597407384,-0.5832788597407383,0.03201551010739516
691,Montgomery,Native Hawaiian/Pacific Islander,1452,1,5.25983943606814,0.07,0.3622478950460152,-0.2922478950460152,0.03231626561060186
661,Mitchell,Asian,860,1,5.204728132387707,0.12,0.6052009456264775,-0.48520094562647753,0.0337041143821584
831,Shelby,Hispanic/Latino,1182,39,51.984717269485486,3.3,4.398030225844796,-1.0980302258447958,0.03409043204232494
601,Lyon,Asian,1394,2,6.762539056076304,0.14,0.4851175793455024,-0.3451175793455024,0.03511022684310248
171,Cerro Gordo,Native Hawaiian/Pacific Islander,2820,10,17.661381122161757,0.35,0.6262901107149559,-0.2762901107149559,0.0354220481938888
421,Hardin,Black/African American,742,3,8.026924694993689,0.4,1.081795780996454,-0.681795780996454,0.04085131466126809
721,Osceola,Black/African American,1371,2,6.517868852459016,0.15,0.4754098360655738,-0.32540983606557383,0.04213520878497812
071,Black Hawk,Asian,16467,412,447.96110615113423,2.5,2.7203565078711014,-0.2203565078711014,0.04330125545269376
531,Jones,Hispanic/Latino,1573,30,40.87571784073507,1.91,2.598583460949464,-0.6885834609494641,0.045123008914136536
221,Clayton,Black/African American,972,2,6.398871451243167,0.21,0.6583201081525892,-0.44832010815258927,0.04586978712237706
131,Calhoun,Hispanic/Latino,581,9,15.765173926349076,1.55,2.713455064776089,-1.163455064776089,0.046403298849129894
