court_number,county_name,minimum_expected,number_below_5,percent_below_5,expected_total,observed_total,totals_difference
771,Polk,1015.949840512744,0,0,18337.30252297908,18008,-329.3025229790801
821,Scott,653.5469279758086,0,0,19959.180816457432,20024,64.81918354256777
071,Black Hawk,617.0931254721515,0,0,15858.200123617882,15741,-117.20012361788213
971,Woodbury,522.3273410072754,0,0,10275.055888636854,9865,-410.05588863685443
571,Linn,466.55077303003424,0,0,16825.525816942314,17078,252.47418305768588
521,Johnson,355.4523394556911,0,0,5784.673235911873,5781,-3.6732359118732347
851,Story,239.73029681683363,0,0,8278.840582883762,8321,42.15941711623782
311,Dubuque,194.83035443804908,0,0,8499.662829445622,8621,121.33717055437774
781,Pottawattamie,155.73161072101388,0,0,11330.131379517039,11134,-196.13137951703902
251,Dallas,127.24336840545347,0,0,4127.6886855364555,4141,13.311314463544477
701,Muscatine,114.84856317112715,0,0,11619.69078220823,10979,-640.6907822082303
641,Marshall,106.03500024928954,0,0,5059.568130827143,4768,-291.56813082714325
901,Wapello,95.89106950964312,0,0,3071.746507550478,2976,-95.74650755047787
231,Clinton,79.10910348404946,0,0,8115.21505143944,8161,45.784948560560224
291,Des Moines,66.39862810819237,0,0,4084.919998960688,4193,108.08000103931181
941,Webster,61.46952773409966,0,0,3919.212302770699,3969,49.7876972293011
171,Cerro Gordo,55.76233814974668,0,0,2768.008069056108,2744,-24.00806905610807
111,Buena Vista,43.4824362742736,0,0,1297.1726497373872,1169,-128.17264973738725
751,Plymouth,38.394104167475824,0,0,2719.743698294947,2681,-38.74369829494708
501,Jasper,22.239395057174473,0,0,2152.2792327554407,2186,33.72076724455928
621,Mahaska,21.954043867217656,0,0,1597.1754234594252,1621,23.824576540574753
731,Page,21.29297468772718,0,0,1690.7084792809464,1706,15.291520719053551
861,Tama,20.555193265354518,0,0,1643.0252549205595,1624,-19.02525492055952
241,Crawford,20.329544756404744,0,0,2106.6490753824414,1989,-117.64907538244142
711,O'Brien,20.15892680164236,0,0,1642.6543253574966,1631,-11.654325357496646
511,Jefferson,18.85119388729704,0,0,727.2119707099649,723,-4.21197070996493
341,Floyd,16.849164926931106,0,0,1171.0568893528182,1196,24.94311064718181
951,Winnebago,15.797410942076912,0,0,1017.3727676462252,1000,-17.372767646225157
791,Poweshiek,15.527419789700728,0,0,1443.2455109193852,1444,0.7544890806148032
151,Cass,15.524893097128894,0,0,1695.1078191814297,1695,-0.10781918142970426
911,Warren,14.842581190611847,0,0,1942.7656086309248,1953,10.234391369075183
741,Palo Alto,14.538643800067696,0,0,1607.0793185151751,1619,11.920681484824854
491,Jackson,14.511346054667353,0,0,2179.9524497163484,2222,42.04755028365162
441,Henry,14.211757648470307,0,0,857.2639472105578,868,10.73605278944217
841,Sioux,13.799016900474982,0,0,2303.404120181155,2244,-59.40412018115512
081,Boone,13.751312434378281,0,0,5570.35585720714,5593,22.644142792860293
031,Allamakee,12.767101901788248,0,0,981.8677263695714,970,-11.867726369571415
691,Montgomery,11.656941452907773,0,0,1394.5682396710395,1422,27.431760328960536
562,Lee,11.378499984799197,0,0,1505.9751618885475,1512,6.024838111452482
561,Lee,10.931565986684099,0,0,1446.8222418143678,1452,5.177758185632229
531,Jones,10.915246937212864,0,0,1530.2423430321596,1540,9.757656967840376
161,Cedar,10.802278053299908,0,0,2433.93100441441,2464,30.068995585590073
331,Fayette,10.010680215678143,0,0,1213.5823309829946,1239,25.417669017005437
091,Bremer,9.93604189811141,0,0,982.2544834153308,1005,22.74551658466919
581,Louisa,9.67315976774677,0,0,912.970406443154,880,-32.97040644315405
551,Kossuth,9.601405345825297,0,0,1562.7114907688067,1570,7.288509231193302
761,Pocahontas,9.120068123758161,0,0,741.4398240136248,748,6.560175986375157
611,Madison,8.655323171452203,0,0,1435.4853479853477,1448,12.514652014652256
101,Buchanan,8.292548564801391,0,0,1515.3698656615443,1524,8.630134338455719
651,Mills,8.233594179022514,0,0,1984.854406919275,1986,1.1455930807248933
421,Hardin,8.026924694993689,0,0,730.2717711400924,723,-7.271771140092369
881,Union,7.680313516217794,0,0,742.5981822729925,739,-3.598182272992517
351,Franklin,7.527621534752912,0,0,1130.4171353957413,1111,-19.417135395741298
401,Hamilton,7.400241837968562,0,0,746.8591293833132,738,-8.859129383313189
631,Marion,7.083110397717139,0,0,1647.300398311634,1658,10.699601688366101
041,Appanoose,6.861457649376232,0,0,815.5528562048586,829,13.447143795141415
981,Worth,6.713333333333333,0,0,915.4200000000001,915,-0.42000000000007276
721,Osceola,6.517868852459016,0,0,1326.49868852459,1328,1.5013114754099206
921,Washington,6.492398386596339,0,0,1541.8399007136209,1515,-26.839900713620864
381,Grundy,6.35812338501292,0,0,1088.5823643410852,1094,5.417635658914833
061,Benton,5.88734255947753,0,0,1710.9575882444408,1731,20.042411755559215
391,Guthrie,5.815868263473054,0,0,1004.4973802395209,1011,6.502619760479092
451,Howard,5.791635786130228,0,0,989.6189518263632,1000,10.381048173636827
961,Winneshiek,5.363860514265586,0,0,1285.1412469179288,1302,16.85875308207119
601,Lyon,4.928630159513238,1,25,1369.8153264265745,1367,-2.8153264265745293
271,Decatur,4.854749323366414,1,25,495.18443098337406,507,11.815569016625943
481,Iowa,4.838311019567456,2,50,1428.4665293511844,1446,17.533470648815637
671,Monona,4.761014374196565,1,25,1867.6779245062523,1910,42.32207549374766
051,Audubon,4.7065547419181994,2,50,949.8524736560103,966,16.14752634398974
211,Clay,4.614543466375069,1,25,1637.65020351133,1642,4.349796488670108
681,Monroe,4.611074138160522,1,25,697.871955277519,702,4.128044722481036
321,Emmet,4.5294752753185055,1,25,1276.60429712805,1263,-13.604297128049893
411,Hancock,4.412707337644081,1,25,960.2235029519258,957,-3.2235029519257523
191,Chickasaw,4.395697467603964,1,25,1018.8347590412468,1020,1.165240958753202
361,Fremont,4.048203868590727,1,25,1680.8142462388703,1723,42.18575376112972
011,Adair,3.929624664879357,1,25,702.8277479892762,707,4.17225201072381
221,Clayton,3.770763533768295,1,25,955.6028919061896,958,2.3971080938104024
811,Sac,3.7676746826297864,1,25,727.2381050676023,729,1.761894932397695
831,Shelby,3.7131940906775345,1,25,1150.3876719307184,1153,2.6123280692816024
541,Keokuk,3.7045546150745667,2,50,1378.5217654171709,1395,16.478234582829145
181,Cherokee,3.573448275862069,1,25,926.2710344827585,943,16.728965517241477
141,Carroll,3.512964941245022,1,25,1143.2685248130524,1168,24.73147518694759
991,Wright,3.4893284340551953,1,25,772.3254632163239,753,-19.325463216323897
471,Ida,3.361308059615107,1,25,980.7712342642166,990,9.22876573578344
461,Humboldt,3.1129183609634032,1,25,917.7272442915232,908,-9.72724429152322
661,Mitchell,3.008983451536643,1,25,850.0784869976359,850,-0.07848699763587774
131,Calhoun,2.311435274915842,1,25,558.1227175354483,569,10.87728246455174
371,Greene,2.138581952117864,1,25,1799.4028545119704,1837,37.59714548802958
431,Harrison,1.8957080371787862,1,25,1496.6614953526514,1521,24.3385046473486
801,Ringgold,1.8738428417653392,2,50,530.648869752422,535,4.3511302475779985
121,Butler,1.5895710681244744,1,25,924.0706476030277,933,8.929352396972263
591,Lucas,1.4886415787058283,2,50,508.8772372648004,510,1.1227627351996148
021,Adams,1.4599668691330758,2,50,639.4654886802872,651,11.534511319712806
871,Taylor,1.0804362644853442,2,50,618.8738922972052,616,-2.8738922972052023
931,Wayne,0.9736680955296999,2,50,505.09032455603193,527,21.90967544396807
281,Delaware,0.7566921061624331,1,25,990.4517598815354,1010,19.548240118464605
891,Van Buren,0.6012981632371218,2,50,601.2122634995168,608,6.78773650048322
301,Dickinson,0.5719844357976652,1,25,1659.422178988327,1686,26.577821011672995
201,Clarke,0.4108880149037466,1,25,761.6220244255846,743,-18.62202442558464
261,Davis,0,2,50,669.2927814786501,686,16.707218521349887
