court_number,court_name,adj_total,cp_white,cp_black,cp_hisp,cp_asian,cp_aian,cp_mr,cp_nhpi,cp_other,cp_unk
021,Adams County District Court,107,99.07,0.00,0.00,0.00,0.00,0.00,0.00,0.00,0.93
031,Allamakee County District Court,144,98.61,0.00,0.00,0.00,0.00,0.00,0.00,0.69,0.69
041,Appanoose County District Court,70,94.29,1.43,0.00,1.43,1.43,0.00,0.00,0.00,1.43
061,Benton County District Court,191,98.43,0.00,0.00,0.00,0.52,1.05,0.00,0.00,0.00
071,Black Hawk County District Court,2780,87.19,7.19,0.00,1.33,0.22,1.98,0.11,1.58,0.40
081,Boone County District Court,546,97.25,0.37,0.00,0.37,0.37,0.92,0.00,0.73,0.00
091,Bremer County District Court,308,97.40,0.65,0.00,0.32,0.00,0.97,0.00,0.65,0.00
101,Buchanan County District Court,380,98.68,0.00,0.00,0.53,0.26,0.53,0.00,0.00,0.00
111,Buena Vista County District Court,60,80.00,0.00,1.67,5.00,0.00,0.00,0.00,11.67,1.67
121,Butler County District Court,80,100.00,0.00,0.00,0.00,0.00,0.00,0.00,0.00,0.00
141,Carroll County District Court,63,93.65,1.59,0.00,0.00,0.00,4.76,0.00,0.00,0.00
161,Cedar County District Court,47,97.87,0.00,0.00,2.13,0.00,0.00,0.00,0.00,0.00
171,Cerro Gordo County District Court,379,94.72,1.06,0.00,0.79,0.26,1.58,0.00,1.58,0.00
191,Chickasaw County District Court,40,100.00,0.00,0.00,0.00,0.00,0.00,0.00,0.00,0.00
201,Clarke County District Court,169,95.86,0.00,0.00,0.00,1.18,1.18,0.00,1.18,0.59
211,Clay County District Court,193,96.37,0.52,0.00,1.04,0.52,0.00,0.00,1.55,0.00
221,Clayton County District Court,81,98.77,0.00,0.00,0.00,0.00,0.00,0.00,1.23,0.00
231,Clinton County District Court,549,93.62,1.64,0.00,0.36,0.18,2.19,0.55,1.28,0.18
241,Crawford County District Court,61,96.72,0.00,0.00,0.00,0.00,0.00,0.00,3.28,0.00
251,Dallas County District Court,785,90.96,2.17,0.00,2.42,0.25,1.53,0.25,2.17,0.25
261,Davis County District Court,64,96.88,0.00,0.00,0.00,1.56,0.00,0.00,1.56,0.00
281,Delaware County District Court,26,100.00,0.00,0.00,0.00,0.00,0.00,0.00,0.00,0.00
291,Des Moines County District Court,855,93.57,2.92,0.00,0.47,0.35,1.64,0.12,0.58,0.35
301,Dickinson County District Court,79,97.47,0.00,0.00,0.00,0.00,0.00,0.00,2.53,0.00
311,Dubuque County District Court,897,95.32,1.45,0.00,1.11,0.00,1.23,0.11,0.67,0.11
321,Emmet County District Court,40,92.50,0.00,0.00,0.00,0.00,5.00,0.00,2.50,0.00
341,Floyd County District Court,54,92.59,3.70,0.00,0.00,0.00,0.00,0.00,3.70,0.00
361,Fremont County District Court,37,91.89,0.00,0.00,0.00,0.00,5.41,0.00,0.00,2.70
371,Greene County District Court,237,98.31,0.00,0.00,0.42,0.42,0.00,0.00,0.84,0.00
391,Guthrie County District Court,221,95.02,0.45,0.00,0.90,0.00,0.90,0.00,1.36,1.36
401,Hamilton County District Court,59,98.31,0.00,0.00,1.69,0.00,0.00,0.00,0.00,0.00
411,Hancock County District Court,277,96.75,0.72,0.00,0.00,0.36,0.72,0.00,1.08,0.36
421,Hardin County District Court,137,99.27,0.00,0.00,0.00,0.73,0.00,0.00,0.00,0.00
431,Harrison County District Court,136,99.26,0.00,0.00,0.74,0.00,0.00,0.00,0.00,0.00
441,Henry County District Court,28,92.86,0.00,0.00,0.00,0.00,3.57,0.00,3.57,0.00
451,Howard County District Court,55,96.36,1.82,0.00,0.00,0.00,0.00,0.00,1.82,0.00
491,Jackson County District Court,60,96.67,0.00,0.00,0.00,0.00,0.00,1.67,0.00,1.67
501,Jasper County District Court,194,95.88,0.00,0.00,1.03,0.52,1.55,0.00,1.03,0.00
511,Jefferson County District Court,126,97.62,0.00,0.00,0.00,0.00,2.38,0.00,0.00,0.00
521,Johnson County District Court,1050,86.86,5.24,0.10,3.14,0.19,1.62,0.19,2.10,0.57
531,Jones County District Court,94,97.87,0.00,0.00,0.00,0.00,1.06,0.00,1.06,0.00
541,Keokuk County District Court,54,100.00,0.00,0.00,0.00,0.00,0.00,0.00,0.00,0.00
551,Kossuth County District Court,99,95.96,2.02,0.00,0.00,0.00,1.01,0.00,0.00,1.01
561,Lee County District Court,42,90.48,4.76,0.00,2.38,0.00,2.38,0.00,0.00,0.00
562,Lee County District Court,121,97.52,1.65,0.00,0.00,0.00,0.00,0.00,0.00,0.83
571,Linn County District Court,2980,91.31,3.96,0.00,1.17,0.40,1.51,0.10,1.38,0.17
581,Louisa County District Court,205,94.15,0.49,0.00,0.00,0.00,1.46,0.49,3.41,0.00
591,Lucas County District Court,117,96.58,1.71,0.00,0.00,0.00,1.71,0.00,0.00,0.00
601,Lyon County District Court,115,97.39,0.00,0.00,0.00,0.00,1.74,0.00,0.87,0.00
611,Madison County District Court,365,97.81,0.27,0.00,0.27,0.27,0.55,0.00,0.55,0.27
621,Mahaska County District Court,279,96.06,0.72,0.00,1.08,0.00,1.43,0.00,0.72,0.00
631,Marion County District Court,71,97.18,1.41,0.00,0.00,0.00,0.00,0.00,1.41,0.00
641,Marshall County District Court,1315,91.33,0.61,0.00,1.37,0.61,0.76,0.23,4.79,0.30
651,Mills County District Court,174,95.98,0.00,0.00,1.15,0.00,1.15,0.00,1.72,0.00
661,Mitchell County District Court,133,99.25,0.00,0.00,0.00,0.75,0.00,0.00,0.00,0.00
671,Monona County District Court,83,96.39,0.00,0.00,0.00,2.41,0.00,0.00,1.20,0.00
681,Monroe County District Court,45,97.78,0.00,0.00,0.00,0.00,0.00,0.00,2.22,0.00
701,Muscatine County District Court,1320,90.98,1.06,0.00,0.98,0.15,1.67,0.00,4.92,0.23
711,O'Brien County District Court,42,95.24,0.00,0.00,2.38,0.00,2.38,0.00,0.00,0.00
731,Page County District Court,81,98.77,0.00,0.00,0.00,0.00,1.23,0.00,0.00,0.00
741,Palo Alto County District Court,119,98.32,0.00,0.00,0.84,0.00,0.84,0.00,0.00,0.00
751,Plymouth County District Court,285,95.44,0.35,0.00,0.70,0.35,1.05,0.70,1.40,0.00
771,Polk County District Court,4032,87.30,4.69,0.00,3.20,0.25,1.96,0.10,2.18,0.32
781,Pottawattamie County District Court,193,94.82,0.52,0.00,1.04,0.00,1.55,0.00,2.07,0.00
791,Poweshiek County District Court,73,98.63,0.00,0.00,0.00,0.00,1.37,0.00,0.00,0.00
821,Scott County District Court,5916,88.61,5.16,0.07,1.67,0.29,2.16,0.12,1.67,0.25
841,Sioux County District Court,182,96.70,0.00,0.00,1.10,0.00,0.55,0.55,1.10,0.00
851,Story County District Court,718,92.48,1.25,0.14,3.20,0.14,1.53,0.14,0.56,0.56
861,Tama County District Court,297,89.90,0.34,0.00,0.00,5.39,1.35,0.67,2.36,0.00
871,Taylor County District Court,69,94.20,0.00,0.00,0.00,0.00,2.90,1.45,0.00,1.45
881,Union County District Court,251,96.41,0.40,0.00,1.20,0.80,1.20,0.00,0.00,0.00
891,Van Buren County District Court,29,100.00,0.00,0.00,0.00,0.00,0.00,0.00,0.00,0.00
901,Wapello County District Court,674,93.18,0.59,0.00,0.30,0.89,1.34,0.74,2.52,0.45
911,Warren County District Court,574,95.64,0.17,0.00,0.87,0.00,1.57,0.17,1.39,0.17
921,Washington County District Court,244,97.95,0.41,0.00,0.00,0.41,0.41,0.00,0.41,0.41
931,Wayne County District Court,111,98.20,0.90,0.00,0.00,0.90,0.00,0.00,0.00,0.00
941,Webster County District Court,728,93.68,2.61,0.00,0.27,0.41,1.24,0.14,1.51,0.14
951,Winnebago County District Court,310,95.48,0.32,0.00,0.97,0.00,1.94,0.00,1.29,0.00
961,Winneshiek County District Court,142,97.18,0.00,0.00,2.11,0.00,0.00,0.00,0.70,0.00
971,Woodbury County District Court,1463,86.33,2.32,0.14,1.98,1.50,3.01,0.27,4.03,0.41
981,Worth County District Court,72,98.61,0.00,0.00,0.00,0.00,0.00,0.00,0.00,1.39
991,Wright County District Court,54,96.30,0.00,0.00,1.85,0.00,1.85,0.00,0.00,0.00
Sum, County District Court,35936,91.47,2.94,0.03,1.41,0.37,1.59,0.14,1.79,0.27
