court_number,county_name,dataset,race,adjusted_total,jury_count,jury_pool_pct,county_population_pct,representation_gap,census_count
011,Adair,Overall Pool,Asian,715,3,0.42,0.3083109919571046,0.1116890080428954,23
011,Adair,Overall Pool,Native Hawaiian/Pacific Islander,715,0,0,0.06702412868632708,-0.06702412868632708,5
011,Adair,Overall Pool,White,715,699,97.76,93.05630026809652,4.703699731903484,6942
011,Adair,Overall Pool,American Indian/Alaskan Native,715,1,0.14,0.17426273458445038,-0.03426273458445036,13
011,Adair,Overall Pool,Black/African American,715,4,0.56,1.5415549597855227,-0.9815549597855228,115
011,Adair,Overall Pool,Multiracial,715,2,0.28,2.6943699731903483,-2.4143699731903485,201
011,Adair,Overall Pool,HLSO,715,13,1.82,3.1501340482573728,-1.3301340482573727,7460
021,Adams,Overall Pool,Native Hawaiian/Pacific Islander,661,0,0,0,0,0
021,Adams,Overall Pool,White,661,643,97.28,94.47818884594147,2.8018111540585267,3422
021,Adams,Overall Pool,Multiracial,661,4,0.61,4.527885146327995,-3.917885146327995,164
021,Adams,Overall Pool,Black/African American,661,2,0.3,0.3036996134732192,-0.00369961347321923,11
021,Adams,Overall Pool,American Indian/Alaskan Native,661,0,0,0.22087244616234128,-0.22087244616234128,8
021,Adams,Overall Pool,HLSO,661,8,1.21,1.7393705135284372,-0.5293705135284372,3622
021,Adams,Overall Pool,Asian,661,5,0.76,0,0.76,0
031,Allamakee,Overall Pool,Multiracial,994,7,0.7,6.585296622196991,-5.885296622196991,928
031,Allamakee,Overall Pool,HLSO,994,32,3.22,9.147033778030089,-5.927033778030086,14092
031,Allamakee,Overall Pool,White,994,953,95.88,86.52426908884473,9.355730911155264,12193
031,Allamakee,Overall Pool,Black/African American,994,5,0.5,1.823729775759296,-1.323729775759296,257
031,Allamakee,Overall Pool,American Indian/Alaskan Native,994,5,0.5,0.8799318762418393,-0.3799318762418394,124
031,Allamakee,Overall Pool,Asian,994,6,0.6,0.40448481407891,0.19551518592108996,57
031,Allamakee,Overall Pool,Native Hawaiian/Pacific Islander,994,0,0,0,0,0
041,Appanoose,Overall Pool,White,836,812,97.13,93.75410374261324,3.375896257386742,11423
041,Appanoose,Overall Pool,Native Hawaiian/Pacific Islander,836,0,0,0,0,0
041,Appanoose,Overall Pool,American Indian/Alaskan Native,836,4,0.48,0.02462245567957977,0.4553775443204202,3
041,Appanoose,Overall Pool,Asian,836,8,0.96,0.9110308601444516,0.04896913985554829,111
041,Appanoose,Overall Pool,Black/African American,836,5,0.6,0.8207485226526593,-0.22074852265265932,100
041,Appanoose,Overall Pool,HLSO,836,8,0.96,2.0436638214051213,-1.0836638214051213,12184
041,Appanoose,Overall Pool,Multiracial,836,4,0.48,3.0039395929087327,-2.5239395929087327,366
051,Audubon,Overall Pool,American Indian/Alaskan Native,976,3,0.31,0.1786033220217896,0.1313966779782104,10
051,Audubon,Overall Pool,Asian,976,3,0.31,0.05358099660653688,0.25641900339346313,3
051,Audubon,Overall Pool,Native Hawaiian/Pacific Islander,976,0,0,0.2500446508305055,-0.2500446508305055,14
051,Audubon,Overall Pool,Multiracial,976,2,0.2,3.3398821218074657,-3.1398821218074655,187
051,Audubon,Overall Pool,HLSO,976,14,1.43,2.5004465083050547,-1.0704465083050547,5599
051,Audubon,Overall Pool,White,976,952,97.54,93.83818539024828,3.701814609751736,5254
051,Audubon,Overall Pool,Black/African American,976,6,0.61,0.500089301661011,0.10991069833898905,28
061,Benton,Overall Pool,HLSO,1761,28,1.59,1.97092209609703,-0.3809220960970298,25724
061,Benton,Overall Pool,Multiracial,1761,17,0.97,3.253770797698647,-2.283770797698647,837
061,Benton,Overall Pool,Native Hawaiian/Pacific Islander,1761,1,0.06,0,0.06,0
061,Benton,Overall Pool,Asian,1761,3,0.17,0.2332452184730213,-0.06324521847302128,60
061,Benton,Overall Pool,American Indian/Alaskan Native,1761,5,0.28,0.10107292800497587,0.17892707199502414,26
061,Benton,Overall Pool,Black/African American,1761,5,0.28,0.4159539729435547,-0.13595397294355466,107
061,Benton,Overall Pool,White,1761,1716,97.44,94.43710153941844,3.002898460581548,24293
071,Black Hawk,Overall Pool,Black/African American,16467,1586,9.63,9.259895153721128,0.3701048462788741,12135
071,Black Hawk,Overall Pool,Multiracial,16467,287,1.74,5.085120832665644,-3.3451208326656436,6664
071,Black Hawk,Overall Pool,Native Hawaiian/Pacific Islander,16467,54,0.33,0.7356027134888476,-0.4056027134888476,964
071,Black Hawk,Overall Pool,American Indian/Alaskan Native,16467,41,0.25,0.2914940213202695,-0.04149402132026952,382
071,Black Hawk,Overall Pool,Asian,16467,412,2.5,2.7203565078711014,-0.2203565078711014,3565
071,Black Hawk,Overall Pool,White,16467,13613,82.67,78.06011491884715,4.609885081152854,102297
071,Black Hawk,Overall Pool,HLSO,16467,581,3.53,5.235446283451228,-1.7054462834512285,131049
081,Boone,Overall Pool,American Indian/Alaskan Native,5730,12,0.21,0.04124793760311984,0.16875206239688015,11
081,Boone,Overall Pool,Black/African American,5730,37,0.65,1.1511924403779812,-0.5011924403779812,307
081,Boone,Overall Pool,Multiracial,5730,67,1.17,3.858557072146393,-2.688557072146393,1029
081,Boone,Overall Pool,HLSO,5730,111,1.94,2.9361031948402583,-0.9961031948402584,26668
081,Boone,Overall Pool,Asian,5730,18,0.31,0.19874006299685015,0.11125993700314982,53
081,Boone,Overall Pool,White,5730,5522,96.37,92.88660566971652,3.483394330283488,24771
081,Boone,Overall Pool,Native Hawaiian/Pacific Islander,5730,0,0,0,0,0
091,Bremer,Overall Pool,White,1018,987,96.95,92.27106808443104,4.678931915568967,23256
091,Bremer,Overall Pool,Native Hawaiian/Pacific Islander,1018,0,0,0.03174099349309633,-0.03174099349309633,8
091,Bremer,Overall Pool,American Indian/Alaskan Native,1018,1,0.1,0.0476114902396445,0.0523885097603555,12
091,Bremer,Overall Pool,Black/African American,1018,11,1.08,1.146643389938105,-0.06664338993810492,289
091,Bremer,Overall Pool,Multiracial,1018,8,0.79,3.7890810982383742,-2.9990810982383747,955
091,Bremer,Overall Pool,Asian,1018,6,0.59,0.8966830661799714,-0.30668306617997143,226
091,Bremer,Overall Pool,HLSO,1018,14,1.38,2.0949055705443578,-0.7149055705443579,25204
101,Buchanan,Overall Pool,HLSO,1546,17,1.1,1.9329274185754328,-0.8329274185754325,20694
101,Buchanan,Overall Pool,Multiracial,1546,11,0.71,2.4983086885087467,-1.7883086885087467,517
101,Buchanan,Overall Pool,Native Hawaiian/Pacific Islander,1546,0,0,0.06282014110370156,-0.06282014110370156,13
101,Buchanan,Overall Pool,Black/African American,1546,8,0.52,0.599207499758384,-0.07920749975838404,124
101,Buchanan,Overall Pool,Asian,1546,8,0.52,0.19329274185754325,0.32670725814245677,40
101,Buchanan,Overall Pool,White,1546,1506,97.41,94.95022711897168,2.4597728810283144,19649
101,Buchanan,Overall Pool,American Indian/Alaskan Native,1546,2,0.13,0.2802744756934377,-0.15027447569343771,58
111,Buena Vista,Overall Pool,American Indian/Alaskan Native,1329,4,0.3,0.4095793379270467,-0.10957933792704672,85
111,Buena Vista,Overall Pool,HLSO,1329,273,20.54,29.364429239146144,-8.824429239146145,20753
111,Buena Vista,Overall Pool,Multiracial,1329,11,0.83,12.54758348190623,-11.71758348190623,2604
111,Buena Vista,Overall Pool,Black/African American,1329,14,1.05,3.2718161229701734,-2.221816122970173,679
111,Buena Vista,Overall Pool,White,1329,1016,76.45,52.07921746253553,24.37078253746447,10808
111,Buena Vista,Overall Pool,Native Hawaiian/Pacific Islander,1329,21,1.58,2.929696911289934,-1.349696911289934,608
111,Buena Vista,Overall Pool,Asian,1329,100,7.52,9.550426444369489,-2.030426444369489,1982
121,Butler,Overall Pool,Native Hawaiian/Pacific Islander,945,1,0.11,0,0.11,0
121,Butler,Overall Pool,Black/African American,945,3,0.32,0.16820857863751051,0.1517914213624895,24
121,Butler,Overall Pool,Multiracial,945,4,0.42,2.7123633305298567,-2.2923633305298567,387
121,Butler,Overall Pool,White,945,926,97.99,94.56826464816372,3.4217353518362756,13493
121,Butler,Overall Pool,HLSO,945,11,1.16,1.7451640033641715,-0.5851640033641716,14268
121,Butler,Overall Pool,American Indian/Alaskan Native,945,1,0.11,0.04906083543594056,0.06093916456405943,7
121,Butler,Overall Pool,Asian,945,2,0.21,1.254555649004766,-1.044555649004766,179
131,Calhoun,Overall Pool,White,581,560,96.39,91.3393859022748,5.050614097725187,8954
131,Calhoun,Overall Pool,Multiracial,581,5,0.86,4.590431500561053,-3.730431500561053,450
131,Calhoun,Overall Pool,Native Hawaiian/Pacific Islander,581,1,0.17,0,0.17,0
131,Calhoun,Overall Pool,American Indian/Alaskan Native,581,0,0,0.17341630113230644,-0.17341630113230644,17
131,Calhoun,Overall Pool,HLSO,581,9,1.55,2.713455064776089,-1.163455064776089,9803
131,Calhoun,Overall Pool,Black/African American,581,6,1.03,1.6117515046414363,-0.5817515046414363,158
131,Calhoun,Overall Pool,Asian,581,2,0.34,0.2244210955829848,0.11557890441701524,22
141,Carroll,Overall Pool,Multiracial,1186,9,0.76,5.190832281246966,-4.430832281246966,1069
141,Carroll,Overall Pool,Black/African American,1186,9,0.76,0.6749538700592406,0.08504612994075944,139
141,Carroll,Overall Pool,HLSO,1186,25,2.11,3.4961639312421093,-1.3861639312421097,20594
141,Carroll,Overall Pool,Asian,1186,6,0.51,0.18937554627561423,0.32062445372438575,39
141,Carroll,Overall Pool,American Indian/Alaskan Native,1186,1,0.08,0.10682723123239778,-0.02682723123239777,22
141,Carroll,Overall Pool,Native Hawaiian/Pacific Islander,1186,0,0,0,0,0
141,Carroll,Overall Pool,White,1186,1150,96.96,91.92968825871614,5.030311741283853,18932
151,Cass,Overall Pool,Multiracial,1723,11,0.64,2.3518631643249845,-1.7118631643249844,308
151,Cass,Overall Pool,HLSO,1723,22,1.28,2.7260232131948685,-1.4460232131948685,13096
151,Cass,Overall Pool,Black/African American,1723,6,0.35,0.901038485033598,-0.5510384850335981,118
151,Cass,Overall Pool,American Indian/Alaskan Native,1723,8,0.46,0.32834453268173486,0.13165546731826516,43
151,Cass,Overall Pool,Asian,1723,7,0.41,0.5192425167990227,-0.1092425167990227,68
151,Cass,Overall Pool,White,1723,1669,96.87,93.49419670128285,3.375803298717159,12244
151,Cass,Overall Pool,Native Hawaiian/Pacific Islander,1723,4,0.23,0.4123396456933414,-0.1823396456933414,54
161,Cedar,Overall Pool,Asian,2509,12,0.48,0.5231892746198703,-0.04318927461987032,96
161,Cedar,Overall Pool,White,2509,2422,96.53,93.16584010027796,3.364159899722054,17095
161,Cedar,Overall Pool,Black/African American,2509,17,0.68,0.43054117390593494,0.2494588260940651,79
161,Cedar,Overall Pool,Native Hawaiian/Pacific Islander,2509,2,0.08,0.05449888277290315,0.02550111722709685,10
161,Cedar,Overall Pool,Multiracial,2509,16,0.64,4.577906152923865,-3.937906152923865,840
161,Cedar,Overall Pool,HLSO,2509,44,1.75,2.76309335658619,-1.01309335658619,18349
161,Cedar,Overall Pool,American Indian/Alaskan Native,2509,9,0.36,0.0708485476047741,0.2891514523952259,13
171,Cerro Gordo,Overall Pool,Asian,2820,27,0.96,1.1704822668418091,-0.21048226684180915,499
171,Cerro Gordo,Overall Pool,American Indian/Alaskan Native,2820,6,0.21,0.18061550009382624,0.02938449990617375,77
171,Cerro Gordo,Overall Pool,HLSO,2820,118,4.18,5.622537061362357,-1.4425370613623576,42632
171,Cerro Gordo,Overall Pool,White,2820,2652,94.04,88.2412272471383,5.798772752861709,37619
171,Cerro Gordo,Overall Pool,Native Hawaiian/Pacific Islander,2820,10,0.35,0.6262901107149559,-0.2762901107149559,267
171,Cerro Gordo,Overall Pool,Multiracial,2820,38,1.35,5.348095327453556,-3.998095327453555,2280
171,Cerro Gordo,Overall Pool,Black/African American,2820,43,1.52,2.3151623193844997,-0.7951623193844997,987
181,Cherokee,Overall Pool,White,964,930,96.47,88.62068965517241,7.849310344827586,10280
181,Cherokee,Overall Pool,Multiracial,964,5,0.52,7.008620689655172,-6.488620689655171,813
181,Cherokee,Overall Pool,American Indian/Alaskan Native,964,1,0.1,0,0.1,0
181,Cherokee,Overall Pool,Asian,964,3,0.31,0.3706896551724138,-0.06068965517241381,43
181,Cherokee,Overall Pool,Native Hawaiian/Pacific Islander,964,0,0,0,0,0
181,Cherokee,Overall Pool,HLSO,964,25,2.59,5.3534482758620685,-2.7634482758620686,11600
181,Cherokee,Overall Pool,Black/African American,964,9,0.93,1.7413793103448274,-0.8113793103448274,202
191,Chickasaw,Overall Pool,Asian,1038,2,0.19,0.01693910392140256,0.17306089607859745,2
191,Chickasaw,Overall Pool,Native Hawaiian/Pacific Islander,1038,2,0.19,0.01693910392140256,0.17306089607859745,2
191,Chickasaw,Overall Pool,American Indian/Alaskan Native,1038,2,0.19,0.3895993901922588,-0.1995993901922588,46
191,Chickasaw,Overall Pool,White,1038,1005,96.82,92.57220293046498,4.247797069535011,10930
191,Chickasaw,Overall Pool,HLSO,1038,23,2.22,4.615905818582197,-2.395905818582197,11807
191,Chickasaw,Overall Pool,Multiracial,1038,4,0.39,3.8536461421190817,-3.4636461421190816,455
191,Chickasaw,Overall Pool,Black/African American,1038,5,0.48,0.5420513254848819,-0.0620513254848819,64
201,Clarke,Overall Pool,American Indian/Alaskan Native,794,5,0.63,1.0039329331401363,-0.37393293314013654,97
201,Clarke,Overall Pool,White,794,700,88.16,77.49948250879734,10.660517491202654,7488
201,Clarke,Overall Pool,Native Hawaiian/Pacific Islander,794,3,0.38,0,0.38,0
201,Clarke,Overall Pool,Black/African American,794,7,0.88,0.05174912026495549,0.8282508797350445,5
201,Clarke,Overall Pool,Asian,794,7,0.88,0.5588904988615193,0.3211095011384807,54
201,Clarke,Overall Pool,Multiracial,794,9,1.13,7.275926309252742,-6.145926309252742,703
201,Clarke,Overall Pool,HLSO,794,77,9.7,16.808114262057543,-7.108114262057544,9662
211,Clay,Overall Pool,Multiracial,1688,13,0.77,4.003401980438612,-3.2334019804386123,659
211,Clay,Overall Pool,White,1688,1615,95.68,91.0880262438491,4.591973756150907,14994
211,Clay,Overall Pool,Asian,1688,14,0.83,0.7532956685499058,0.07670433145009414,124
211,Clay,Overall Pool,Black/African American,1688,10,0.59,0.2733734281027884,0.31662657189721155,45
211,Clay,Overall Pool,Native Hawaiian/Pacific Islander,1688,0,0,0,0,0
211,Clay,Overall Pool,American Indian/Alaskan Native,1688,3,0.18,0.15794909179272218,0.02205090820727781,26
211,Clay,Overall Pool,HLSO,1688,51,3.02,4.744547718850617,-1.724547718850617,16461
221,Clayton,Overall Pool,White,972,953,98.05,94.950919884794,3.0990801152060072,16154
221,Clayton,Overall Pool,Asian,972,3,0.31,0.3291600540762946,-0.01916005407629462,56
221,Clayton,Overall Pool,American Indian/Alaskan Native,972,0,0,0.05877858108505261,-0.05877858108505261,10
221,Clayton,Overall Pool,Black/African American,972,2,0.21,0.6583201081525892,-0.44832010815258927,112
221,Clayton,Overall Pool,Multiracial,972,4,0.41,3.4150355610415564,-3.005035561041556,581
221,Clayton,Overall Pool,Native Hawaiian/Pacific Islander,972,0,0,0,0,0
221,Clayton,Overall Pool,HLSO,972,8,0.82,2.3158760947510726,-1.4958760947510727,17013
231,Clinton,Overall Pool,Asian,8395,47,0.56,0.6700095098123973,-0.1100095098123972,310
231,Clinton,Overall Pool,White,8395,7846,93.46,89.02048932307426,4.439510676925735,41188
231,Clinton,Overall Pool,Multiracial,8395,114,1.36,5.891761044350307,-4.531761044350307,2726
231,Clinton,Overall Pool,HLSO,8395,220,2.62,3.6050834269905767,-0.9850834269905766,46268
231,Clinton,Overall Pool,American Indian/Alaskan Native,8395,24,0.29,0.2723264459237486,0.01767355407625137,126
231,Clinton,Overall Pool,Black/African American,8395,221,2.63,3.099334313132186,-0.4693343131321863,1434
231,Clinton,Overall Pool,Native Hawaiian/Pacific Islander,8395,12,0.14,0,0.14,0
241,Crawford,Overall Pool,Black/African American,2177,29,1.33,0.9338330159120232,0.3961669840879769,152
241,Crawford,Overall Pool,Multiracial,2177,13,0.6,18.33876021379861,-17.73876021379861,2985
241,Crawford,Overall Pool,HLSO,2177,337,15.48,30.8349204398845,-15.3549204398845,16277
241,Crawford,Overall Pool,American Indian/Alaskan Native,2177,5,0.23,0.7188056767217547,-0.4888056767217547,117
241,Crawford,Overall Pool,Native Hawaiian/Pacific Islander,2177,1,0.05,0,0.05,0
241,Crawford,Overall Pool,White,2177,1764,81.03,62.08760828162438,18.942391718375625,10106
241,Crawford,Overall Pool,Asian,2177,35,1.61,2.1932788597407384,-0.5832788597407383,357
251,Dallas,Overall Pool,American Indian/Alaskan Native,4308,9,0.21,0.1722732661529342,0.03772673384706579,186
251,Dallas,Overall Pool,Native Hawaiian/Pacific Islander,4308,3,0.07,0.02963841138114997,0.04036158861885004,32
251,Dallas,Overall Pool,HLSO,4308,197,4.57,6.90297125074096,-2.33297125074096,107968
251,Dallas,Overall Pool,Black/African American,4308,120,2.79,2.9536529342027267,-0.16365293420272664,3189
251,Dallas,Overall Pool,White,4308,3815,88.56,80.88137225844694,7.678627741553058,87326
251,Dallas,Overall Pool,Multiracial,4308,60,1.39,6.244442797866034,-4.854442797866034,6742
251,Dallas,Overall Pool,Asian,4308,174,4.04,4.874592471843509,-0.8345924718435089,5263
261,Davis,Overall Pool,American Indian/Alaskan Native,694,3,0.43,0.16380910778639293,0.26619089221360703,15
261,Davis,Overall Pool,Native Hawaiian/Pacific Islander,694,0,0,0,0,0
261,Davis,Overall Pool,Asian,694,3,0.43,0.01092060718575952,0.4190793928142405,1
261,Davis,Overall Pool,HLSO,694,9,1.3,2.4352954024243747,-1.1352954024243749,9157
261,Davis,Overall Pool,Multiracial,694,4,0.58,2.937643332969313,-2.357643332969313,269
261,Davis,Overall Pool,Black/African American,694,3,0.43,0,0.43,0
261,Davis,Overall Pool,White,694,676,97.41,93.82985694004586,3.580143059954139,8592
271,Decatur,Overall Pool,American Indian/Alaskan Native,516,1,0.19,0.20621214073978608,-0.01621214073978608,16
271,Decatur,Overall Pool,HLSO,516,8,1.55,3.5313829101688365,-1.9813829101688365,7759
271,Decatur,Overall Pool,Asian,516,4,0.78,0.7217424925892512,0.05825750741074886,56
271,Decatur,Overall Pool,Multiracial,516,2,0.39,4.58822013146024,-4.19822013146024,356
271,Decatur,Overall Pool,Black/African American,516,4,0.78,1.3146023972161365,-0.5346023972161362,102
271,Decatur,Overall Pool,Native Hawaiian/Pacific Islander,516,1,0.19,0.01288825879623663,0.17711174120376338,1
271,Decatur,Overall Pool,White,516,497,96.32,90.17914679726768,6.140853202732302,6997
281,Delaware,Overall Pool,White,1022,996,97.46,94.05399248205946,3.406007517940538,16514
281,Delaware,Overall Pool,Black/African American,1022,8,0.78,0.0740403234992596,0.7059596765007404,13
281,Delaware,Overall Pool,Native Hawaiian/Pacific Islander,1022,0,0,0,0,0
281,Delaware,Overall Pool,HLSO,1022,20,1.96,1.7143182594828568,0.2456817405171432,17558
281,Delaware,Overall Pool,American Indian/Alaskan Native,1022,1,0.1,1.0707369859892926,-0.9707369859892926,188
281,Delaware,Overall Pool,Multiracial,1022,2,0.2,4.163344344458367,-3.963344344458367,731
281,Delaware,Overall Pool,Asian,1022,5,0.49,0,0.49,0
291,Des Moines,Overall Pool,White,4324,3921,90.68,84.50385844570894,6.176141554291064,32523
291,Des Moines,Overall Pool,Asian,4324,43,0.99,1.2056018915477953,-0.2156018915477953,464
291,Des Moines,Overall Pool,Multiracial,4324,78,1.8,7.667524099046432,-5.867524099046432,2951
291,Des Moines,Overall Pool,Native Hawaiian/Pacific Islander,4324,5,0.12,0.00259827993868059,0.1174017200613194,1
291,Des Moines,Overall Pool,HLSO,4324,106,2.45,3.67656611323304,-1.2265661132330394,38487
291,Des Moines,Overall Pool,Black/African American,4324,203,4.69,4.754852287785486,-0.06485228778548535,1830
291,Des Moines,Overall Pool,American Indian/Alaskan Native,4324,12,0.28,0.32738327227375474,-0.04738327227375472,126
301,Dickinson,Overall Pool,Asian,1715,9,0.52,0.4613674263479711,0.05863257365202889,83
301,Dickinson,Overall Pool,HLSO,1715,32,1.87,2.851584213451918,-0.9815842134519176,17990
301,Dickinson,Overall Pool,Black/African American,1715,4,0.23,0.03335186214563646,0.19664813785436355,6
301,Dickinson,Overall Pool,American Indian/Alaskan Native,1715,1,0.06,0.0555864369093941,0.00441356309060589,10
301,Dickinson,Overall Pool,Native Hawaiian/Pacific Islander,1715,2,0.12,0,0.12,0
301,Dickinson,Overall Pool,White,1715,1670,97.38,93.3574207893274,4.022579210672589,16795
301,Dickinson,Overall Pool,Multiracial,1715,11,0.64,4.741523068371317,-4.101523068371318,853
311,Dubuque,Overall Pool,Multiracial,8790,74,0.84,5.0257497727961224,-4.185749772796123,4977
311,Dubuque,Overall Pool,American Indian/Alaskan Native,8790,13,0.15,0.03938200545289307,0.11061799454710693,39
311,Dubuque,Overall Pool,HLSO,8790,191,2.17,3.2656770675552864,-1.0956770675552865,99030
311,Dubuque,Overall Pool,Asian,8790,92,1.05,1.367262445723518,-0.317262445723518,1354
311,Dubuque,Overall Pool,Native Hawaiian/Pacific Islander,8790,26,0.3,0.8098555993133394,-0.5098555993133393,802
311,Dubuque,Overall Pool,Black/African American,8790,209,2.38,2.960718974048268,-0.5807189740482683,2932
311,Dubuque,Overall Pool,White,8790,8276,94.15,88.25406442492174,5.895935575078269,87398
321,Emmet,Overall Pool,Multiracial,1311,8,0.61,7.8384798099762465,-7.228479809976246,726
321,Emmet,Overall Pool,Asian,1311,7,0.53,0.22673288706542863,0.3032671129345714,21
321,Emmet,Overall Pool,Black/African American,1311,7,0.53,1.6411142301878645,-1.1111142301878645,152
321,Emmet,Overall Pool,American Indian/Alaskan Native,1311,3,0.23,0.06478082487583675,0.16521917512416326,6
321,Emmet,Overall Pool,White,1311,1239,94.51,85.21917512416324,9.290824875836762,7893
321,Emmet,Overall Pool,Native Hawaiian/Pacific Islander,1311,0,0,0.05398402072986396,-0.05398402072986396,5
321,Emmet,Overall Pool,HLSO,1311,67,5.11,10.170589505506369,-5.0605895055063685,9262
331,Fayette,Overall Pool,HLSO,1262,31,2.46,3.07445043550394,-0.6144504355039402,19288
331,Fayette,Overall Pool,White,1262,1222,96.83,91.01513894649524,5.814861053504771,17555
331,Fayette,Overall Pool,Black/African American,1262,10,0.79,0.7932393197843218,-0.00323931978432179,153
331,Fayette,Overall Pool,Multiracial,1262,12,0.95,5.319369556200747,-4.369369556200747,1026
331,Fayette,Overall Pool,American Indian/Alaskan Native,1262,1,0.08,0.35773537951057655,-0.27773537951057653,69
331,Fayette,Overall Pool,Asian,1262,4,0.32,0.917669017005392,-0.597669017005392,177
331,Fayette,Overall Pool,Native Hawaiian/Pacific Islander,1262,1,0.08,0.00518457071754458,0.07481542928245541,1
341,Floyd,Overall Pool,Black/African American,1224,22,1.8,1.3765657620041754,0.4234342379958247,211
341,Floyd,Overall Pool,White,1224,1150,93.95,88.68736951983298,5.262630480167019,13594
341,Floyd,Overall Pool,American Indian/Alaskan Native,1224,4,0.33,0.0521920668058455,0.27780793319415453,8
341,Floyd,Overall Pool,HLSO,1224,32,2.61,3.88178496868476,-1.2717849686847602,15328
341,Floyd,Overall Pool,Multiracial,1224,11,0.9,6.71320459290188,-5.813204592901879,1029
341,Floyd,Overall Pool,Native Hawaiian/Pacific Islander,1224,0,0,0.0652400835073069,-0.0652400835073069,10
341,Floyd,Overall Pool,Asian,1224,20,1.63,1.61143006263048,0.01856993736951984,247
351,Franklin,Overall Pool,Native Hawaiian/Pacific Islander,1153,0,0,0,0,0
351,Franklin,Overall Pool,Multiracial,1153,8,0.69,9.943752511048611,-9.253752511048614,990
351,Franklin,Overall Pool,White,1153,1090,94.54,80.22298111691443,14.31701888308558,7987
351,Franklin,Overall Pool,Asian,1153,4,0.35,0.3615910004017678,-0.0115910004017678,36
351,Franklin,Overall Pool,Black/African American,1153,6,0.52,0.6729610285255123,-0.1529610285255123,67
351,Franklin,Overall Pool,HLSO,1153,78,6.76,16.492567296102852,-9.732567296102852,9956
351,Franklin,Overall Pool,American Indian/Alaskan Native,1153,4,0.35,0.29128163921253514,0.05871836078746484,29
361,Fremont,Overall Pool,American Indian/Alaskan Native,1758,5,0.28,0.07675775253300583,0.2032422474669942,5
361,Fremont,Overall Pool,Native Hawaiian/Pacific Islander,1758,1,0.06,0,0.06,0
361,Fremont,Overall Pool,Asian,1758,8,0.46,0.15351550506601166,0.3064844949339883,10
361,Fremont,Overall Pool,White,1758,1698,96.59,91.41848326680994,5.17151673319006,5955
361,Fremont,Overall Pool,Black/African American,1758,11,0.63,0.5987104697574455,0.03128953024255454,39
361,Fremont,Overall Pool,HLSO,1758,40,2.28,3.361989560945656,-1.0819895609456562,6514
361,Fremont,Overall Pool,Multiracial,1758,13,0.74,6.908197727970525,-6.168197727970525,450
371,Greene,Overall Pool,Black/African American,1858,3,0.16,0.11510128913443832,0.04489871086556168,10
371,Greene,Overall Pool,Asian,1858,9,0.48,0.6330570902394107,-0.15305709023941072,55
371,Greene,Overall Pool,White,1858,1814,97.63,92.29972375690608,5.33027624309392,8019
371,Greene,Overall Pool,Native Hawaiian/Pacific Islander,1858,3,0.16,0,0.16,0
371,Greene,Overall Pool,Multiracial,1858,10,0.54,4.845764272559853,-4.305764272559853,421
371,Greene,Overall Pool,HLSO,1858,36,1.94,3.533609576427256,-1.593609576427256,8688
371,Greene,Overall Pool,American Indian/Alaskan Native,1858,8,0.43,0.2647329650092081,0.16526703499079187,23
381,Grundy,Overall Pool,White,1109,1086,97.93,94.87241602067184,3.0575839793281716,11749
381,Grundy,Overall Pool,HLSO,1109,9,0.81,1.7684108527131783,-0.9584108527131784,12384
381,Grundy,Overall Pool,American Indian/Alaskan Native,1109,0,0,0.4683462532299742,-0.4683462532299742,58
381,Grundy,Overall Pool,Multiracial,1109,10,0.9,1.8410852713178296,-0.9410852713178296,228
381,Grundy,Overall Pool,Native Hawaiian/Pacific Islander,1109,2,0.18,0,0.18,0
381,Grundy,Overall Pool,Black/African American,1109,3,0.27,0.5733204134366925,-0.30332041343669247,71
381,Grundy,Overall Pool,Asian,1109,3,0.27,0.476421188630491,-0.20642118863049097,59
391,Guthrie,Overall Pool,Native Hawaiian/Pacific Islander,1036,0,0,0.2526197604790419,-0.2526197604790419,27
391,Guthrie,Overall Pool,White,1036,998,96.33,92.44011976047904,3.8898802395209486,9880
391,Guthrie,Overall Pool,HLSO,1036,17,1.64,3.096931137724551,-1.456931137724551,10688
391,Guthrie,Overall Pool,Black/African American,1036,5,0.48,0.561377245508982,-0.08137724550898207,60
391,Guthrie,Overall Pool,Asian,1036,4,0.39,0.467814371257485,-0.07781437125748497,50
391,Guthrie,Overall Pool,American Indian/Alaskan Native,1036,2,0.19,0.1403443113772455,0.04965568862275449,15
391,Guthrie,Overall Pool,Multiracial,1036,6,0.58,4.088697604790419,-3.5086976047904193,437
401,Hamilton,Overall Pool,Native Hawaiian/Pacific Islander,765,0,0,0.14107214832728737,-0.14107214832728737,21
401,Hamilton,Overall Pool,White,765,719,93.99,83.77670294236195,10.213297057638044,12471
401,Hamilton,Overall Pool,American Indian/Alaskan Native,765,2,0.26,0.3291683460970039,-0.0691683460970039,49
401,Hamilton,Overall Pool,Asian,765,13,1.7,2.270589815934435,-0.5705898159344349,338
401,Hamilton,Overall Pool,Black/African American,765,2,0.26,0.9673518742442564,-0.7073518742442563,144
401,Hamilton,Overall Pool,Multiracial,765,6,0.78,7.503694746741905,-6.723694746741905,1117
401,Hamilton,Overall Pool,HLSO,765,41,5.36,10.143759236866854,-4.783759236866854,14886
411,Hancock,Overall Pool,HLSO,981,26,2.65,5.9507075250679415,-3.3007075250679416,10671
411,Hancock,Overall Pool,White,981,946,96.43,90.13213382063536,6.297866179364647,9618
411,Hancock,Overall Pool,Black/African American,981,2,0.2,0.4498172617374191,-0.2498172617374191,48
411,Hancock,Overall Pool,Asian,981,1,0.1,1.2463686627307655,-1.1463686627307657,133
411,Hancock,Overall Pool,American Indian/Alaskan Native,981,6,0.61,0.10308312248149187,0.5069168775185081,11
411,Hancock,Overall Pool,Native Hawaiian/Pacific Islander,981,1,0.1,0,0.1,0
411,Hancock,Overall Pool,Multiracial,981,6,0.61,3.551682129135039,-2.9416821291350392,379
421,Hardin,Overall Pool,White,742,707,95.28,90.0534887913937,5.226511208606297,14984
421,Hardin,Overall Pool,Native Hawaiian/Pacific Islander,742,0,0,0,0,0
421,Hardin,Overall Pool,American Indian/Alaskan Native,742,3,0.4,0.9135164372858946,-0.5135164372858946,152
421,Hardin,Overall Pool,HLSO,742,23,3.1,5.475088647154276,-2.3750886471542763,16639
421,Hardin,Overall Pool,Multiracial,742,5,0.67,3.3956367570166477,-2.725636757016648,565
421,Hardin,Overall Pool,Black/African American,742,3,0.4,1.081795780996454,-0.681795780996454,180
421,Hardin,Overall Pool,Asian,742,8,1.08,0.8954865076026204,0.18451349239737969,149
431,Harrison,Overall Pool,Native Hawaiian/Pacific Islander,1541,1,0.06,0,0.06,0
431,Harrison,Overall Pool,American Indian/Alaskan Native,1541,6,0.39,0.06150902132312739,0.3284909786768726,9
431,Harrison,Overall Pool,Asian,1541,6,0.39,0.29387643521049756,0.09612356478950246,43
431,Harrison,Overall Pool,Black/African American,1541,4,0.26,0.12301804264625478,0.13698195735374524,18
431,Harrison,Overall Pool,White,1541,1503,97.53,94.4026790595954,3.127320940404587,13813
431,Harrison,Overall Pool,Multiracial,1541,9,0.58,4.01175505740842,-3.43175505740842,587
431,Harrison,Overall Pool,HLSO,1541,29,1.88,2.241662110442865,-0.361662110442865,14632
441,Henry,Overall Pool,Native Hawaiian/Pacific Islander,894,0,0,0.03499300139972006,-0.03499300139972006,7
441,Henry,Overall Pool,White,894,835,93.4,86.20775844831033,7.192241551689676,17245
441,Henry,Overall Pool,Asian,894,11,1.23,1.0247950409918016,0.20520495900819835,205
441,Henry,Overall Pool,American Indian/Alaskan Native,894,3,0.34,0.5298940211957609,-0.18989402119576088,106
441,Henry,Overall Pool,Black/African American,894,11,1.23,2.549490101979604,-1.319490101979604,510
441,Henry,Overall Pool,Multiracial,894,13,1.45,5.798840231953609,-4.348840231953609,1160
441,Henry,Overall Pool,HLSO,894,32,3.58,5.543891221755649,-1.9638912217556488,20004
451,Howard,Overall Pool,White,1013,982,96.94,92.98041291688725,3.9595870831127513,8782
451,Howard,Overall Pool,Black/African American,1013,6,0.59,0.8364213869772366,-0.2464213869772366,79
451,Howard,Overall Pool,Multiracial,1013,3,0.3,3.578613022763367,-3.278613022763367,338
451,Howard,Overall Pool,HLSO,1013,17,1.68,3.3033350979354155,-1.6233350979354155,9445
451,Howard,Overall Pool,Asian,1013,8,0.79,0.328215987294865,0.461784012705135,31
451,Howard,Overall Pool,American Indian/Alaskan Native,1013,2,0.2,0.24351508734780308,-0.04351508734780307,23
451,Howard,Overall Pool,Native Hawaiian/Pacific Islander,1013,1,0.1,0,0.1,0
461,Humboldt,Overall Pool,Black/African American,933,7,0.75,0.33364612657699927,0.41635387342300073,32
461,Humboldt,Overall Pool,American Indian/Alaskan Native,933,0,0,0.16682306328849963,-0.16682306328849963,16
461,Humboldt,Overall Pool,Asian,933,7,0.75,1.0217912626420602,-0.2717912626420602,98
461,Humboldt,Overall Pool,Native Hawaiian/Pacific Islander,933,1,0.11,0.7298509018871859,-0.619850901887186,70
461,Humboldt,Overall Pool,White,933,893,95.71,90.36596809508914,5.34403190491085,8667
461,Humboldt,Overall Pool,Multiracial,933,8,0.86,3.743092482535711,-2.883092482535711,359
461,Humboldt,Overall Pool,HLSO,933,22,2.36,5.7449692419977065,-3.3849692419977067,9591
471,Ida,Overall Pool,American Indian/Alaskan Native,1010,1,0.1,0.4630299522500362,-0.3630299522500362,32
471,Ida,Overall Pool,Multiracial,1010,9,0.89,4.601360150484735,-3.7113601504847344,318
471,Ida,Overall Pool,White,1010,986,97.62,91.5062943134134,6.113705686586613,6324
471,Ida,Overall Pool,Black/African American,1010,1,0.1,0.33280277817971354,-0.2328027781797135,23
471,Ida,Overall Pool,Native Hawaiian/Pacific Islander,1010,1,0.1,0,0.1,0
471,Ida,Overall Pool,Asian,1010,0,0,0.6656055563594271,-0.6656055563594271,46
471,Ida,Overall Pool,HLSO,1010,26,2.57,4.138330198234699,-1.5683301982346989,6911
481,Iowa,Overall Pool,Black/African American,1479,8,0.54,0.3271339431756225,0.2128660568243775,54
481,Iowa,Overall Pool,Asian,1479,3,0.2,0.24232143938934997,-0.04232143938934996,40
481,Iowa,Overall Pool,Native Hawaiian/Pacific Islander,1479,0,0,0,0,0
481,Iowa,Overall Pool,Multiracial,1479,17,1.15,4.07100018174108,-2.92100018174108,672
481,Iowa,Overall Pool,White,1479,1429,96.62,92.50620948688434,4.11379051311566,15270
481,Iowa,Overall Pool,HLSO,1479,26,1.76,3.416732295389835,-1.656732295389835,16507
481,Iowa,Overall Pool,American Indian/Alaskan Native,1479,5,0.34,0.09087053977100625,0.2491294602289938,15
491,Jackson,Overall Pool,Native Hawaiian/Pacific Islander,2251,8,0.36,0.46415678184631254,-0.10415678184631257,90
491,Jackson,Overall Pool,Asian,2251,7,0.31,0.11346054667354306,0.19653945332645695,22
491,Jackson,Overall Pool,Black/African American,2251,13,0.58,0.9747292418772564,-0.39472924187725633,189
491,Jackson,Overall Pool,Multiracial,2251,20,0.89,2.6869520371325426,-1.7969520371325425,521
491,Jackson,Overall Pool,HLSO,2251,24,1.07,1.5781330582774626,-0.5081330582774626,19390
491,Jackson,Overall Pool,White,2251,2186,97.11,93.64620938628158,3.463790613718416,18158
491,Jackson,Overall Pool,American Indian/Alaskan Native,2251,6,0.27,0.06704486848891181,0.2029551315110882,13
501,Jasper,Overall Pool,Multiracial,2233,18,0.81,4.226168519787111,-3.4161685197871106,1604
501,Jasper,Overall Pool,HLSO,2233,43,1.93,3.101122411340043,-1.1711224113400431,37954
501,Jasper,Overall Pool,Native Hawaiian/Pacific Islander,2233,3,0.13,0.17125994625072455,-0.04125994625072454,65
501,Jasper,Overall Pool,White,2233,2138,95.75,90.75196290246087,4.998037097539125,34444
501,Jasper,Overall Pool,American Indian/Alaskan Native,2233,7,0.31,0.08431258892343363,0.22568741107656637,32
501,Jasper,Overall Pool,Asian,2233,18,0.81,0.7403699214839016,0.06963007851609848,281
501,Jasper,Overall Pool,Black/African American,2233,19,0.85,1.5360699794488064,-0.6860699794488064,583
511,Jefferson,Overall Pool,Native Hawaiian/Pacific Islander,742,1,0.13,0,0.13,0
511,Jefferson,Overall Pool,White,742,696,93.8,82.4005093919134,11.399490608086596,12941
511,Jefferson,Overall Pool,Black/African American,742,9,1.21,2.5405921680993315,-1.3305921680993316,399
511,Jefferson,Overall Pool,Multiracial,742,6,0.81,3.457497612225406,-2.647497612225406,543
511,Jefferson,Overall Pool,HLSO,742,17,2.29,4.1006049028971665,-1.8106049028971665,15705
511,Jefferson,Overall Pool,Asian,742,15,2.02,8.182107609041706,-6.162107609041707,1285
511,Jefferson,Overall Pool,American Indian/Alaskan Native,742,1,0.13,0.7831900668576885,-0.6531900668576885,123
521,Johnson,Overall Pool,Asian,6083,303,4.98,5.649295513888623,-0.6692955138886223,8849
521,Johnson,Overall Pool,Black/African American,6083,449,7.38,7.698593581419698,-0.31859358141969807,12059
521,Johnson,Overall Pool,Multiracial,6083,110,1.81,7.722214774098404,-5.912214774098404,12096
521,Johnson,Overall Pool,Native Hawaiian/Pacific Islander,6083,6,0.1,0.01979072900107891,0.08020927099892108,31
521,Johnson,Overall Pool,White,6083,5004,82.26,74.81597814082062,7.444021859179387,117191
521,Johnson,Overall Pool,American Indian/Alaskan Native,6083,14,0.23,0.17428609733208206,0.05571390266791795,273
521,Johnson,Overall Pool,HLSO,6083,326,5.36,6.737785608947963,-1.3777856089479623,156639
531,Jones,Overall Pool,Multiracial,1573,14,0.89,3.9672664624808576,-3.0772664624808574,829
531,Jones,Overall Pool,Native Hawaiian/Pacific Islander,1573,0,0,0,0,0
531,Jones,Overall Pool,Black/African American,1573,5,0.32,2.459800918836141,-2.139800918836141,514
531,Jones,Overall Pool,Asian,1573,3,0.19,0.6125574272588056,-0.4225574272588056,128
531,Jones,Overall Pool,HLSO,1573,30,1.91,2.598583460949464,-0.6885834609494641,20896
531,Jones,Overall Pool,White,1573,1528,97.14,91.52947932618684,5.61052067381317,19126
531,Jones,Overall Pool,American Indian/Alaskan Native,1573,4,0.25,0.08135528330781011,0.1686447166921899,17
541,Keokuk,Overall Pool,HLSO,1414,19,1.34,2.347843611446997,-1.007843611446997,9924
541,Keokuk,Overall Pool,Multiracial,1414,7,0.5,3.2144296654574767,-2.7144296654574767,319
541,Keokuk,Overall Pool,Asian,1414,4,0.28,0.2015316404675534,0.07846835953244663,20
541,Keokuk,Overall Pool,White,1414,1384,97.88,94.5888754534462,3.291124546553803,9387
541,Keokuk,Overall Pool,Native Hawaiian/Pacific Islander,1414,0,0,0,0,0
541,Keokuk,Overall Pool,Black/African American,1414,5,0.35,0.2619911326078194,0.08800886739218056,26
541,Keokuk,Overall Pool,American Indian/Alaskan Native,1414,2,0.14,0.09068923821039904,0.04931076178960097,9
551,Kossuth,Overall Pool,American Indian/Alaskan Native,1602,5,0.31,0.13089005235602094,0.17910994764397906,19
551,Kossuth,Overall Pool,Multiracial,1602,12,0.75,4.464039680352714,-3.7140396803527143,648
551,Kossuth,Overall Pool,Black/African American,1602,6,0.37,0.7164508128961147,-0.3464508128961147,104
551,Kossuth,Overall Pool,Asian,1602,7,0.44,0.4133370074400662,0.02666299255993381,60
551,Kossuth,Overall Pool,HLSO,1602,48,3,4.505373381096721,-1.505373381096721,14516
551,Kossuth,Overall Pool,White,1602,1549,96.69,91.72637090107467,4.963629098925324,13315
551,Kossuth,Overall Pool,Native Hawaiian/Pacific Islander,1602,0,0,0.05511160099200882,-0.05511160099200882,8
561,Lee,Overall Pool,HLSO,1492,23,1.54,3.4809837959444256,-1.9409837959444256,32893
562,Lee,Overall Pool,HLSO,1553,48,3.09,3.4809837959444256,-0.3909837959444258,32893
562,Lee,Overall Pool,Multiracial,1553,14,0.9,4.669686559450339,-3.769686559450339,1536
561,Lee,Overall Pool,Multiracial,1492,26,1.74,4.669686559450339,-2.9296865594503387,1536
562,Lee,Overall Pool,Black/African American,1553,36,2.32,2.477730824187517,-0.15773082418751727,815
561,Lee,Overall Pool,Black/African American,1492,58,3.89,2.477730824187517,1.412269175812483,815
561,Lee,Overall Pool,Asian,1492,6,0.4,0.562429696287964,-0.162429696287964,185
562,Lee,Overall Pool,Asian,1553,2,0.13,0.562429696287964,-0.432429696287964,185
562,Lee,Overall Pool,White,1553,1469,94.59,90.28060681603988,4.309393183960111,29696
561,Lee,Overall Pool,White,1492,1382,92.63,90.28060681603988,2.349393183960103,29696
561,Lee,Overall Pool,American Indian/Alaskan Native,1492,3,0.2,0.10640561821664184,0.09359438178335816,35
562,Lee,Overall Pool,American Indian/Alaskan Native,1553,2,0.13,0.10640561821664184,0.02359438178335816,35
561,Lee,Overall Pool,Native Hawaiian/Pacific Islander,1492,0,0,0.0638433709299851,-0.0638433709299851,21
562,Lee,Overall Pool,Native Hawaiian/Pacific Islander,1553,0,0,0.0638433709299851,-0.0638433709299851,21
571,Linn,Overall Pool,Multiracial,17696,310,1.75,6.531190761899793,-4.781190761899793,15022
571,Linn,Overall Pool,HLSO,17696,538,3.04,4.122536999356533,-1.0825369993565328,230004
571,Linn,Overall Pool,White,17696,15665,88.52,82.35030695118346,6.169693048816541,189409
571,Linn,Overall Pool,Native Hawaiian/Pacific Islander,17696,32,0.18,0.02304307751169545,0.1569569224883045,53
571,Linn,Overall Pool,Black/African American,17696,947,5.35,5.971635275908245,-0.6216352759082451,13735
571,Linn,Overall Pool,American Indian/Alaskan Native,17696,51,0.29,0.22043094902697344,0.06956905097302654,507
571,Linn,Overall Pool,Asian,17696,363,2.05,2.393001860837203,-0.34300186083720297,5504
581,Louisa,Overall Pool,Black/African American,939,3,0.32,1.030155459823937,-0.710155459823937,110
581,Louisa,Overall Pool,American Indian/Alaskan Native,939,0,0,0.6274583255291253,-0.6274583255291253,67
581,Louisa,Overall Pool,Multiracial,939,11,1.17,8.03521258662671,-6.8652125866267095,858
581,Louisa,Overall Pool,HLSO,939,92,9.8,16.426297059374413,-6.626297059374412,10678
581,Louisa,Overall Pool,Asian,939,9,0.96,2.163326465630268,-1.2033264656302678,231
581,Louisa,Overall Pool,White,939,844,89.88,76.98070799775239,12.899292002247606,8220
581,Louisa,Overall Pool,Native Hawaiian/Pacific Islander,939,1,0.11,0,0.11,0
591,Lucas,Overall Pool,American Indian/Alaskan Native,519,0,0,0.01147315282239559,-0.01147315282239559,1
591,Lucas,Overall Pool,Native Hawaiian/Pacific Islander,519,0,0,0,0,0
591,Lucas,Overall Pool,Asian,519,1,0.19,0.8375401560348784,-0.6475401560348784,73
591,Lucas,Overall Pool,White,519,505,97.3,93.98806792106473,3.3119320789352855,8192
591,Lucas,Overall Pool,HLSO,519,10,1.93,2.9256539697108765,-0.9956539697108766,8716
591,Lucas,Overall Pool,Multiracial,519,6,1.16,2.684717760440569,-1.5247177604405693,234
591,Lucas,Overall Pool,Black/African American,519,2,0.39,0.28682882055988984,0.10317117944011016,25
601,Lyon,Overall Pool,Native Hawaiian/Pacific Islander,1394,1,0.07,0.0328893274132544,0.03711067258674561,4
601,Lyon,Overall Pool,American Indian/Alaskan Native,1394,1,0.07,0.15622430521295838,-0.08622430521295837,19
601,Lyon,Overall Pool,Asian,1394,2,0.14,0.4851175793455024,-0.3451175793455024,59
601,Lyon,Overall Pool,HLSO,1394,32,2.3,3.864495971057392,-1.5644959710573922,12162
601,Lyon,Overall Pool,Multiracial,1394,13,0.93,4.0700542673902325,-3.1400542673902323,495
601,Lyon,Overall Pool,Black/African American,1394,2,0.14,0.3535602696924848,-0.21356026969248476,43
601,Lyon,Overall Pool,White,1394,1359,97.49,93.37280052622924,4.117199473770754,11356
611,Madison,Overall Pool,Black/African American,1465,4,0.27,0.880302493205719,-0.6103024932057189,149
611,Madison,Overall Pool,Asian,1465,9,0.61,0.4490133522391586,0.16098664776084132,76
611,Madison,Overall Pool,American Indian/Alaskan Native,1465,2,0.14,0.0945291267871913,0.04547087321280871,16
611,Madison,Overall Pool,White,1465,1433,97.82,94.25144747725392,3.5685525227460744,15953
611,Madison,Overall Pool,Native Hawaiian/Pacific Islander,1465,0,0,0.04726456339359565,-0.04726456339359565,8
611,Madison,Overall Pool,HLSO,1465,20,1.37,2.262790972468392,-0.8927909724683918,16926
611,Madison,Overall Pool,Multiracial,1465,5,0.34,2.977667493796526,-2.6376674937965263,504
621,Mahaska,Overall Pool,HLSO,1650,22,1.33,2.4976159120839196,-1.1676159120839196,22021
621,Mahaska,Overall Pool,Black/African American,1650,13,0.79,1.3305481131647063,-0.5405481131647063,293
621,Mahaska,Overall Pool,Asian,1650,7,0.42,1.0399164433949413,-0.6199164433949413,229
621,Mahaska,Overall Pool,American Indian/Alaskan Native,1650,2,0.12,0.08174015712274647,0.03825984287725352,18
621,Mahaska,Overall Pool,White,1650,1599,96.91,91.5535170973162,5.356482902683808,20161
621,Mahaska,Overall Pool,Multiracial,1650,16,0.97,4.3367694473457155,-3.3667694473457157,955
621,Mahaska,Overall Pool,Native Hawaiian/Pacific Islander,1650,0,0,0.2951727896099178,-0.2951727896099178,65
631,Marion,Overall Pool,Native Hawaiian/Pacific Islander,1690,3,0.18,0,0.18,0
631,Marion,Overall Pool,White,1690,1614,95.5,93.31490398906128,2.185096010938707,31393
631,Marion,Overall Pool,American Indian/Alaskan Native,1690,10,0.59,0.0356696985910469,0.5543303014089531,12
631,Marion,Overall Pool,Asian,1690,20,1.18,1.4059806194637656,-0.2259806194637657,473
631,Marion,Overall Pool,HLSO,1690,32,1.89,2.297723084239938,-0.4077230842399382,33642
631,Marion,Overall Pool,Black/African American,1690,11,0.65,0.4191189584448011,0.2308810415551989,141
631,Marion,Overall Pool,Multiracial,1690,13,0.77,3.0884014030081444,-2.3184014030081443,1039
641,Marshall,Overall Pool,Multiracial,5162,65,1.26,13.743331505210152,-12.483331505210153,5513
641,Marshall,Overall Pool,HLSO,5162,795,15.4,24.617340579348856,-9.217340579348855,40114
641,Marshall,Overall Pool,Black/African American,5162,81,1.57,2.054145684798325,-0.4841456847983248,824
641,Marshall,Overall Pool,White,5162,4277,82.86,65.96450117166077,16.895498828339228,26461
641,Marshall,Overall Pool,American Indian/Alaskan Native,5162,31,0.6,1.261404995762078,-0.6614049957620781,506
641,Marshall,Overall Pool,Asian,5162,139,2.69,4.118262950590816,-1.4282629505908164,1652
641,Marshall,Overall Pool,Native Hawaiian/Pacific Islander,5162,13,0.25,0,0.25,0
651,Mills,Overall Pool,Native Hawaiian/Pacific Islander,2033,4,0.2,0,0.2,0
651,Mills,Overall Pool,Black/African American,2033,8,0.39,0.4049972542559033,-0.01499725425590331,59
651,Mills,Overall Pool,White,2033,1955,96.16,92.68945634266886,3.4705436573311346,13503
651,Mills,Overall Pool,American Indian/Alaskan Native,2033,5,0.25,0.10982976386600768,0.14017023613399232,16
651,Mills,Overall Pool,Multiracial,2033,16,0.79,5.107084019769357,-4.317084019769357,744
651,Mills,Overall Pool,Asian,2033,14,0.69,0.5628775398132894,0.12712246018671058,82
651,Mills,Overall Pool,HLSO,2033,60,2.95,3.864634816035146,-0.9146348160351456,14568
661,Mitchell,Overall Pool,American Indian/Alaskan Native,860,3,0.35,0.3215130023640662,0.02848699763593376,34
661,Mitchell,Overall Pool,White,860,844,98.14,95.139479905437355,3.0005200945626456,10061
661,Mitchell,Overall Pool,Asian,860,1,0.12,0.6052009456264775,-0.48520094562647753,64
661,Mitchell,Overall Pool,Multiracial,860,4,0.47,1.8628841607565012,-1.3928841607565012,197
661,Mitchell,Overall Pool,HLSO,860,15,1.74,2.430260047281324,-0.6902600472813238,10575
661,Mitchell,Overall Pool,Native Hawaiian/Pacific Islander,860,0,0,0,0,0
661,Mitchell,Overall Pool,Black/African American,860,2,0.23,0.34988179669030733,-0.11988179669030732,37
671,Monona,Overall Pool,White,1940,1856,95.67,92.83627439523198,2.83372560476802,7944
671,Monona,Overall Pool,American Indian/Alaskan Native,1940,18,0.93,0.4674535468037864,0.4625464531962136,40
671,Monona,Overall Pool,Black/African American,1940,21,1.08,0.24541311207198785,0.8345868879280123,21
671,Monona,Overall Pool,HLSO,1940,28,1.44,2.7229169101320556,-1.2829169101320557,8557
671,Monona,Overall Pool,Multiracial,1940,16,0.82,5.808110319037046,-4.9881103190370455,497
671,Monona,Overall Pool,Asian,1940,11,0.57,0,0.57,0
671,Monona,Overall Pool,Native Hawaiian/Pacific Islander,1940,1,0.05,0,0.05,0
681,Monroe,Overall Pool,American Indian/Alaskan Native,707,4,0.57,0.14641288433382138,0.42358711566617857,11
681,Monroe,Overall Pool,Asian,707,3,0.42,0.4658591774257953,-0.04585917742579532,35
681,Monroe,Overall Pool,HLSO,707,9,1.27,2.0764009050978305,-0.8064009050978305,7513
681,Monroe,Overall Pool,Multiracial,707,2,0.28,2.8084653267669375,-2.5284653267669377,211
681,Monroe,Overall Pool,Black/African American,707,2,0.28,1.1979235990949022,-0.9179235990949022,90
681,Monroe,Overall Pool,White,707,693,98.02,94.7823772128311,3.2376227871689025,7121
681,Monroe,Overall Pool,Native Hawaiian/Pacific Islander,707,0,0,0.03993078663649674,-0.03993078663649674,3
691,Montgomery,Overall Pool,Multiracial,1452,9,0.62,3.2993929900137067,-2.6793929900137066,337
691,Montgomery,Overall Pool,White,1452,1395,96.07,91.95222243978851,4.117777560211465,9392
691,Montgomery,Overall Pool,Black/African American,1452,9,0.62,1.801448991580184,-1.1814489915801842,184
691,Montgomery,Overall Pool,Asian,1452,4,0.28,1.0671627178382612,-0.7871627178382612,109
691,Montgomery,Overall Pool,HLSO,1452,30,2.07,0.8028196592911689,1.267180340708831,10214
691,Montgomery,Overall Pool,Native Hawaiian/Pacific Islander,1452,1,0.07,0.3622478950460152,-0.2922478950460152,37
691,Montgomery,Overall Pool,American Indian/Alaskan Native,1452,9,0.62,0.05874290189935383,0.5612570981006462,6
701,Muscatine,Overall Pool,Asian,11980,112,0.93,0.6391127611081088,0.2908872388918913,272
701,Muscatine,Overall Pool,American Indian/Alaskan Native,11980,42,0.35,0.3195563805540544,0.03044361944594559,136
701,Muscatine,Overall Pool,Black/African American,11980,219,1.83,2.2509927394910596,-0.42099273949105953,958
701,Muscatine,Overall Pool,White,11980,10383,86.67,74.97356610822624,11.696433891773763,31908
701,Muscatine,Overall Pool,HLSO,11980,1497,12.5,18.80918254658239,-6.309182546582392,42559
701,Muscatine,Overall Pool,Multiracial,11980,207,1.73,8.000657910195258,-6.270657910195258,3405
701,Muscatine,Overall Pool,Native Hawaiian/Pacific Islander,11980,13,0.11,0,0.11,0
711,O'Brien,Overall Pool,HLSO,1685,70,4.15,7.603001557411865,-3.4530015574118647,14126
711,O'Brien,Overall Pool,Asian,1685,14,0.83,0.6512813252159139,0.1787186747840861,92
711,O'Brien,Overall Pool,White,1685,1600,94.96,86.98853178536032,7.971468214639671,12288
711,O'Brien,Overall Pool,Native Hawaiian/Pacific Islander,1685,5,0.3,0.15574118646467508,0.1442588135353249,22
711,O'Brien,Overall Pool,American Indian/Alaskan Native,1685,5,0.3,0.3893529661616876,-0.08935296616168764,55
711,O'Brien,Overall Pool,Multiracial,1685,14,0.83,6.173014299872576,-5.343014299872576,872
711,O'Brien,Overall Pool,Black/African American,1685,4,0.24,1.6989947614328191,-1.4589947614328191,240
721,Osceola,Overall Pool,Black/African American,1371,2,0.15,0.4754098360655738,-0.32540983606557383,29
721,Osceola,Overall Pool,American Indian/Alaskan Native,1371,6,0.44,1.0655737704918031,-0.6255737704918032,65
721,Osceola,Overall Pool,Native Hawaiian/Pacific Islander,1371,1,0.07,0,0.07,0
721,Osceola,Overall Pool,HLSO,1371,68,4.96,10.60655737704918,-5.64655737704918,6100
721,Osceola,Overall Pool,Asian,1371,9,0.66,0.5737704918032787,0.08622950819672137,35
721,Osceola,Overall Pool,White,1371,1309,95.48,84.0327868852459,11.447213114754106,5126
721,Osceola,Overall Pool,Multiracial,1371,3,0.22,10.147540983606556,-9.927540983606557,619
731,Page,Overall Pool,Asian,1751,14,0.8,0.6542859031128148,0.14571409688718528,99
731,Page,Overall Pool,HLSO,1751,44,2.51,3.337519000726984,-0.8275190007269844,15131
731,Page,Overall Pool,Multiracial,1751,20,1.14,4.778269777278435,-3.638269777278435,723
731,Page,Overall Pool,White,1751,1680,95.95,90.29145462956843,5.658545370431568,13662
731,Page,Overall Pool,Native Hawaiian/Pacific Islander,1751,0,0,0.01321789703258211,-0.01321789703258211,2
731,Page,Overall Pool,American Indian/Alaskan Native,1751,5,0.29,0.5485427268521579,-0.2585427268521579,83
731,Page,Overall Pool,Black/African American,1751,6,0.34,1.7117176657193838,-1.3717176657193837,259
741,Palo Alto,Overall Pool,American Indian/Alaskan Native,1652,2,0.12,0.2369400880063184,-0.11694008800631842,21
741,Palo Alto,Overall Pool,Native Hawaiian/Pacific Islander,1652,0,0,0,0,0
741,Palo Alto,Overall Pool,Asian,1652,7,0.42,0.6431230960171499,-0.2231230960171499,57
741,Palo Alto,Overall Pool,Black/African American,1652,14,0.85,1.6360148933769605,-0.7860148933769605,145
741,Palo Alto,Overall Pool,White,1652,1595,96.55,91.25578246643347,5.29421753356651,8088
741,Palo Alto,Overall Pool,HLSO,1652,42,2.54,3.5089698747602394,-0.9689698747602392,8863
741,Palo Alto,Overall Pool,Multiracial,1652,16,0.97,4.50186167212005,-3.5318616721200504,399
751,Plymouth,Overall Pool,White,2769,2609,94.22,88.02578941235872,6.19421058764128,22664
751,Plymouth,Overall Pool,Black/African American,2769,27,0.98,2.3886278012972384,-1.4086278012972384,615
751,Plymouth,Overall Pool,Multiracial,2769,30,1.08,4.746184021439391,-3.666184021439391,1222
751,Plymouth,Overall Pool,HLSO,2769,129,4.66,6.42016545616965,-1.7601654561696505,25747
751,Plymouth,Overall Pool,Asian,2769,21,0.76,0.5243329319920768,0.23566706800792325,135
751,Plymouth,Overall Pool,American Indian/Alaskan Native,2769,8,0.29,0.4272342408824329,-0.1372342408824329,110
751,Plymouth,Overall Pool,Native Hawaiian/Pacific Islander,2769,10,0.36,0.4350021361712044,-0.07500213617120438,112
761,Pocahontas,Overall Pool,Black/African American,765,3,0.39,1.2915129151291511,-0.9015129151291512,91
761,Pocahontas,Overall Pool,Asian,765,2,0.26,0.17030939540164633,0.08969060459835368,12
761,Pocahontas,Overall Pool,HLSO,765,24,3.14,5.84728924212319,-2.7072892421231898,7046
761,Pocahontas,Overall Pool,American Indian/Alaskan Native,765,2,0.26,0.24127164348566563,0.01872835651433435,17
761,Pocahontas,Overall Pool,Native Hawaiian/Pacific Islander,765,4,0.52,0.7805847289242124,-0.26058472892421236,55
761,Pocahontas,Overall Pool,White,765,734,95.95,88.5892705080897,7.3607294919103055,6242
761,Pocahontas,Overall Pool,Multiracial,765,4,0.52,5.350553505535055,-4.830553505535056,377
771,Polk,Overall Pool,White,19037,15723,82.59,73.157450191285335,9.432549808714668,368110
771,Polk,Overall Pool,Native Hawaiian/Pacific Islander,19037,25,0.13,0.04729964724002583,0.08270035275997417,238
771,Polk,Overall Pool,Multiracial,19037,355,1.86,7.736870869975656,-5.876870869975655,38930
771,Polk,Overall Pool,HLSO,19037,1323,6.95,10.3973766582203,-3.4473766582203007,503175
771,Polk,Overall Pool,Asian,19037,905,4.75,4.978983455060367,-0.22898345506036663,25053
771,Polk,Overall Pool,American Indian/Alaskan Native,19037,55,0.29,0.31042877726437124,-0.02042877726437125,1562
771,Polk,Overall Pool,Black/African American,19037,1251,6.57,7.43300044716053,-0.8630004471605295,37401
781,Pottawattamie,Overall Pool,Native Hawaiian/Pacific Islander,11686,15,0.13,0.17447336872752184,-0.04447336872752183,163
781,Pottawattamie,Overall Pool,White,11686,10761,92.08,84.54786778557973,7.532132214420272,78988
781,Pottawattamie,Overall Pool,Black/African American,11686,176,1.51,1.937403665011132,-0.4274036650111319,1810
781,Pottawattamie,Overall Pool,American Indian/Alaskan Native,11686,41,0.35,0.27080835759547867,0.07919164240452131,253
781,Pottawattamie,Overall Pool,Asian,11686,82,0.7,0.8873522863504025,-0.18735228635040255,829
781,Pottawattamie,Overall Pool,HLSO,11686,612,5.24,9.136838499743106,-3.8968384997431063,93424
781,Pottawattamie,Overall Pool,Multiracial,11686,189,1.62,6.9842866929268705,-5.36428669292687,6525
791,Poweshiek,Overall Pool,White,1492,1414,94.77,89.79778916149905,4.972210838500942,16653
791,Poweshiek,Overall Pool,HLSO,1492,44,2.95,3.5427338905365326,-0.5927338905365325,18545
791,Poweshiek,Overall Pool,Asian,1492,17,1.14,2.0490698301428956,-0.9090698301428956,380
791,Poweshiek,Overall Pool,Black/African American,1492,10,0.67,1.0407117821515233,-0.3707117821515232,193
791,Poweshiek,Overall Pool,Multiracial,1492,16,1.07,5.268266379077918,-4.198266379077918,977
791,Poweshiek,Overall Pool,Native Hawaiian/Pacific Islander,1492,0,0,0,0,0
791,Poweshiek,Overall Pool,American Indian/Alaskan Native,1492,3,0.2,0.3019681854947425,-0.10196818549474251,56
801,Ringgold,Overall Pool,White,544,531,97.61,94.66092572658772,2.949074273412265,4397
801,Ringgold,Overall Pool,Black/African American,544,0,0,0.38751345532831,-0.38751345532831,18
801,Ringgold,Overall Pool,Native Hawaiian/Pacific Islander,544,2,0.37,0,0.37,0
801,Ringgold,Overall Pool,American Indian/Alaskan Native,544,0,0,0.3444564047362756,-0.3444564047362756,16
801,Ringgold,Overall Pool,Asian,544,2,0.37,0,0.37,0
801,Ringgold,Overall Pool,Multiracial,544,2,0.37,2.970936490850377,-2.6009364908503767,138
801,Ringgold,Overall Pool,HLSO,544,4,0.74,2.1528525296017222,-1.4128525296017225,4645
811,Sac,Overall Pool,American Indian/Alaskan Native,745,0,0,0.08256786046031583,-0.08256786046031583,8
811,Sac,Overall Pool,White,745,718,96.38,91.8464237795438,4.533576220456183,8899
811,Sac,Overall Pool,Multiracial,745,6,0.81,3.880689441634843,-3.0706894416348436,376
811,Sac,Overall Pool,Asian,745,8,1.07,0.6502219011249871,0.41977809887501294,63
811,Sac,Overall Pool,Black/African American,745,2,0.27,0.5057281453194344,-0.2357281453194344,49
811,Sac,Overall Pool,HLSO,745,22,2.95,4.3554546392816595,-1.4054546392816594,9689
811,Sac,Overall Pool,Native Hawaiian/Pacific Islander,745,1,0.13,0.17545670347817113,-0.04545670347817113,17
821,Scott,Overall Pool,White,21066,17481,82.98,77.02854393842206,5.951456061577943,134498
821,Scott,Overall Pool,Black/African American,21066,1704,8.09,7.225900302391643,0.8640996976083573,12617
821,Scott,Overall Pool,Multiracial,21066,515,2.44,8.578072024191332,-6.138072024191333,14978
821,Scott,Overall Pool,HLSO,21066,1179,5.6,7.389123064235316,-1.7891230642353166,174608
821,Scott,Overall Pool,Asian,21066,633,3,2.859548245212132,0.14045175478786787,4993
821,Scott,Overall Pool,American Indian/Alaskan Native,21066,97,0.46,0.19014019976175203,0.26985980023824796,332
821,Scott,Overall Pool,Native Hawaiian/Pacific Islander,21066,23,0.11,0.05268945294602767,0.05731054705397233,92
831,Shelby,Overall Pool,HLSO,1182,39,3.3,4.398030225844796,-1.0980302258447958,11778
831,Shelby,Overall Pool,Black/African American,1182,5,0.42,0.3141450161317711,0.10585498386822888,37
831,Shelby,Overall Pool,White,1182,1145,96.87,91.280353200883,5.589646799117006,10751
831,Shelby,Overall Pool,Native Hawaiian/Pacific Islander,1182,0,0,0,0,0
831,Shelby,Overall Pool,Asian,1182,1,0.08,0.47546272711835624,-0.3954627271183562,56
831,Shelby,Overall Pool,American Indian/Alaskan Native,1182,1,0.08,0.8575309899813212,-0.7775309899813212,101
831,Shelby,Overall Pool,Multiracial,1182,9,0.76,4.398030225844796,-3.638030225844796,518
841,Sioux,Overall Pool,Native Hawaiian/Pacific Islander,2335,1,0.04,0.01656909311830332,0.02343090688169668,6
841,Sioux,Overall Pool,Black/African American,2335,11,0.47,0.5909643212194853,-0.1209643212194853,214
841,Sioux,Overall Pool,Asian,2335,20,0.86,0.5440185573842925,0.3159814426157075,197
841,Sioux,Overall Pool,White,2335,2197,94.09,82.79575831216171,11.294241687838294,29982
841,Sioux,Overall Pool,HLSO,2335,157,6.72,14.340550093891528,-7.620550093891528,36212
841,Sioux,Overall Pool,Multiracial,2335,11,0.47,6.602783607643875,-6.1327836076438755,2391
841,Sioux,Overall Pool,American Indian/Alaskan Native,2335,4,0.17,0.3589970175632387,-0.1889970175632387,130
851,Story,Overall Pool,Black/African American,8614,186,2.16,2.783031075189617,-0.6230310751896164,2796
851,Story,Overall Pool,Native Hawaiian/Pacific Islander,8614,10,0.12,0.10948977763621524,0.01051022236378476,110
851,Story,Overall Pool,American Indian/Alaskan Native,8614,17,0.2,0.462843150916728,-0.262843150916728,465
851,Story,Overall Pool,HLSO,8614,297,3.45,5.159954611510361,-1.7099546115103612,100466
851,Story,Overall Pool,Multiracial,8614,133,1.54,5.7770788127326655,-4.2370788127326655,5804
851,Story,Overall Pool,Asian,8614,421,4.89,6.610196484382776,-1.7201964843827762,6641
851,Story,Overall Pool,White,8614,7670,89.04,80.98361634781917,8.056383652180841,81361
861,Tama,Overall Pool,HLSO,1675,67,4,11.667061892340524,-7.667061892340525,16868
861,Tama,Overall Pool,Asian,1675,6,0.36,0.6876926725160066,-0.32769267251600664,116
861,Tama,Overall Pool,White,1675,1473,87.94,78.37325112639317,9.566748873606826,13220
861,Tama,Overall Pool,American Indian/Alaskan Native,1675,110,6.57,6.10030827602561,0.46969172397438985,1029
861,Tama,Overall Pool,Native Hawaiian/Pacific Islander,1675,4,0.24,0.03557031064737966,0.20442968935262035,6
861,Tama,Overall Pool,Black/African American,1675,11,0.66,1.227175717334598,-0.567175717334598,207
861,Tama,Overall Pool,Multiracial,1675,18,1.07,10.024899217453166,-8.954899217453166,1691
871,Taylor,Overall Pool,Asian,634,3,0.47,0.15337423312883436,0.3166257668711656,9
871,Taylor,Overall Pool,HLSO,634,18,2.84,8.11179277436946,-5.271792774369461,5868
871,Taylor,Overall Pool,Native Hawaiian/Pacific Islander,634,1,0.16,0,0.16,0
871,Taylor,Overall Pool,Black/African American,634,4,0.63,0.17041581458759372,0.4595841854124063,10
871,Taylor,Overall Pool,American Indian/Alaskan Native,634,1,0.16,0.3067484662576687,-0.1467484662576687,18
871,Taylor,Overall Pool,Multiracial,634,4,0.63,3.7321063394683023,-3.1021063394683024,219
871,Taylor,Overall Pool,White,634,599,94.48,88.87184730743013,5.608152692569874,5215
881,Union,Overall Pool,White,755,725,96.03,91.870257650296,4.15974234970399,11018
881,Union,Overall Pool,American Indian/Alaskan Native,755,3,0.4,0.13341115650796298,0.26658884349203704,16
881,Union,Overall Pool,Multiracial,755,8,1.06,3.0934711915283915,-2.0334711915283914,371
881,Union,Overall Pool,Black/African American,755,4,0.53,1.6342866672225465,-1.1042866672225464,196
881,Union,Overall Pool,HLSO,755,14,1.85,3.835570749603936,-1.985570749603936,11993
881,Union,Overall Pool,Asian,755,7,0.93,0.8838489118652547,0.04615108813474533,106
881,Union,Overall Pool,Native Hawaiian/Pacific Islander,755,0,0,0,0,0
891,Van Buren,Overall Pool,Asian,622,6,0.96,0.04143074161027482,0.9185692583897253,3
891,Van Buren,Overall Pool,HLSO,622,10,1.61,1.7677116420383925,-0.1577116420383924,7241
891,Van Buren,Overall Pool,White,622,599,96.3,94.36541914100265,1.9345808589973643,6833
891,Van Buren,Overall Pool,American Indian/Alaskan Native,622,2,0.32,0.05524098881369976,0.26475901118630024,4
891,Van Buren,Overall Pool,Black/African American,622,1,0.16,0.4281176633061732,-0.26811766330617315,31
891,Van Buren,Overall Pool,Native Hawaiian/Pacific Islander,622,0,0,0,0,0
891,Van Buren,Overall Pool,Multiracial,622,5,0.8,2.969203148736362,-2.1692031487363623,215
901,Wapello,Overall Pool,American Indian/Alaskan Native,3175,18,0.57,0.4383236242293988,0.13167637577060115,155
901,Wapello,Overall Pool,Native Hawaiian/Pacific Islander,3175,30,0.94,2.4235054578360953,-1.483505457836095,857
901,Wapello,Overall Pool,Asian,3175,42,1.32,1.7928850178157345,-0.4728850178157342,634
901,Wapello,Overall Pool,HLSO,3175,259,8.16,13.426842373168938,-5.266842373168938,35362
901,Wapello,Overall Pool,Multiracial,3175,28,0.88,8.978564560828008,-8.098564560828008,3175
901,Wapello,Overall Pool,Black/African American,3175,82,2.58,3.020191165658051,-0.4401911656580508,1068
901,Wapello,Overall Pool,White,3175,2783,87.65,75.64617385894464,12.00382614105537,26750
911,Warren,Overall Pool,HLSO,1994,58,2.91,3.7126210737194216,-0.8026210737194215,54409
911,Warren,Overall Pool,Native Hawaiian/Pacific Islander,1994,5,0.25,0.01470344979690859,0.2352965502030914,8
911,Warren,Overall Pool,White,1994,1905,95.54,91.92780606149718,3.612193938502827,50017
911,Warren,Overall Pool,Asian,1994,23,1.15,0.748038008417725,0.40196199158227486,407
911,Warren,Overall Pool,Black/African American,1994,13,0.65,0.7443621459684978,-0.0943621459684978,405
911,Warren,Overall Pool,Multiracial,1994,18,0.9,4.649965998272345,-3.749965998272345,2530
911,Warren,Overall Pool,American Indian/Alaskan Native,1994,5,0.25,0.28304140859049054,-0.03304140859049054,154
921,Washington,Overall Pool,Multiracial,1575,14,0.89,5.234697043570764,-4.344697043570764,1181
921,Washington,Overall Pool,Native Hawaiian/Pacific Islander,1575,0,0,0.01772971056247507,-0.01772971056247507,4
921,Washington,Overall Pool,Black/African American,1575,18,1.14,1.046052923186029,0.09394707681397096,236
921,Washington,Overall Pool,American Indian/Alaskan Native,1575,5,0.32,0.00886485528123753,0.31113514471876247,2
921,Washington,Overall Pool,HLSO,1575,68,4.32,7.752315943442223,-3.432315943442223,22561
921,Washington,Overall Pool,White,1575,1484,94.22,88.68401223350028,5.535987766499716,20008
921,Washington,Overall Pool,Asian,1575,7,0.44,0.3856212047338327,0.05437879526616729,87
931,Wayne,Overall Pool,Asian,530,0,0,0.09185548071034905,-0.09185548071034905,6
931,Wayne,Overall Pool,White,530,521,98.3,93.72320881812615,4.576791181873844,6122
931,Wayne,Overall Pool,HLSO,530,5,0.94,1.1788120024494797,-0.23881200244947953,6532
931,Wayne,Overall Pool,Multiracial,530,2,0.38,5.327617881200245,-4.947617881200245,348
931,Wayne,Overall Pool,American Indian/Alaskan Native,530,4,0.75,0.1224739742804654,0.6275260257195346,8
931,Wayne,Overall Pool,Native Hawaiian/Pacific Islander,530,0,0,0,0,0
931,Wayne,Overall Pool,Black/African American,530,2,0.38,0.1837109614206981,0.1962890385793019,12
941,Webster,Overall Pool,Multiracial,4115,63,1.53,7.9108604890744445,-6.380860489074444,2918
941,Webster,Overall Pool,White,4115,3770,91.62,83.88006289649189,7.739937103508112,30940
941,Webster,Overall Pool,Black/African American,4115,128,3.11,3.2559778777856097,-0.14597787778560978,1201
941,Webster,Overall Pool,Native Hawaiian/Pacific Islander,4115,3,0.07,0,0.07,0
941,Webster,Overall Pool,American Indian/Alaskan Native,4115,17,0.41,0.26026134576804205,0.14973865423195792,96
941,Webster,Overall Pool,Asian,4115,36,0.87,1.233530336713116,-0.3635303367131161,455
941,Webster,Overall Pool,HLSO,4115,139,3.38,6.612264815919319,-3.2322648159193195,36886
951,Winnebago,Overall Pool,Asian,1032,8,0.78,1.322876311064915,-0.5428763110649153,140
951,Winnebago,Overall Pool,Black/African American,1032,14,1.36,2.2394406123027495,-0.8794406123027494,237
951,Winnebago,Overall Pool,Multiracial,1032,11,1.07,5.990739865822546,-4.920739865822545,634
951,Winnebago,Overall Pool,White,1032,974,94.38,88.96343191911556,5.416568080884431,9415
951,Winnebago,Overall Pool,HLSO,1032,43,4.17,5.849003118208448,-1.6790031182084482,10583
951,Winnebago,Overall Pool,American Indian/Alaskan Native,1032,1,0.1,0.20788056316734385,-0.10788056316734382,22
951,Winnebago,Overall Pool,Native Hawaiian/Pacific Islander,1032,0,0,0,0,0
961,Winneshiek,Overall Pool,Native Hawaiian/Pacific Islander,1316,2,0.15,0.00503195290092084,0.14496804709907915,1
961,Winneshiek,Overall Pool,American Indian/Alaskan Native,1316,0,0,0.3673325617672219,-0.3673325617672219,73
961,Winneshiek,Overall Pool,Asian,1316,10,0.76,0.5384189603985307,0.22158103960146935,107
961,Winneshiek,Overall Pool,HLSO,1316,16,1.22,3.0795551753635584,-1.8595551753635584,19873
961,Winneshiek,Overall Pool,Multiracial,1316,9,0.68,4.5136617521260005,-3.833661752126,897
961,Winneshiek,Overall Pool,Black/African American,1316,4,0.3,0.40758818497458865,-0.10758818497458866,81
961,Winneshiek,Overall Pool,White,1316,1286,97.72,93.25718311276606,4.4628168872339415,18533
971,Woodbury,Overall Pool,Asian,10699,281,2.63,2.36524325392717,0.26475674607282995,2513
971,Woodbury,Overall Pool,Multiracial,10699,229,2.14,14.297815467730851,-12.157815467730853,15191
971,Woodbury,Overall Pool,American Indian/Alaskan Native,10699,152,1.42,1.7873445838470732,-0.3673445838470733,1899
971,Woodbury,Overall Pool,White,10699,8864,82.85,67.08801189680649,15.761988103193502,71279
971,Woodbury,Overall Pool,Black/African American,10699,362,3.38,4.946022005327209,-1.5660220053272091,5255
971,Woodbury,Overall Pool,HLSO,10699,1267,11.84,19.121481077112765,-7.281481077112765,106247
971,Woodbury,Overall Pool,Native Hawaiian/Pacific Islander,10699,32,0.3,0.7294323604431184,-0.4294323604431184,775
981,Worth,Overall Pool,Multiracial,931,9,0.97,3.659863945578231,-2.6898639455782307,269
981,Worth,Overall Pool,HLSO,931,22,2.36,3.510204081632653,-1.150204081632653,7350
981,Worth,Overall Pool,Asian,931,0,0,0.5578231292517006,-0.5578231292517006,41
981,Worth,Overall Pool,American Indian/Alaskan Native,931,1,0.11,0.163265306122449,-0.05326530612244899,12
981,Worth,Overall Pool,Native Hawaiian/Pacific Islander,931,0,0,0,0,0
981,Worth,Overall Pool,Black/African American,931,2,0.21,0.8027210884353742,-0.5927210884353742,59
981,Worth,Overall Pool,White,931,912,97.96,93.29251700680273,4.667482993197268,6857
991,Wright,Overall Pool,Multiracial,797,8,1,14.424204518802282,-13.424204518802282,1845
991,Wright,Overall Pool,Black/African American,797,5,0.63,0.4378078336330232,0.1921921663669768,56
991,Wright,Overall Pool,White,797,732,91.84,75.53748729575483,16.302512704245174,9662
991,Wright,Overall Pool,HLSO,797,73,9.16,19.912438433273397,-10.752438433273396,12791
991,Wright,Overall Pool,American Indian/Alaskan Native,797,3,0.38,0.5472597920412791,-0.16725979204127903,70
991,Wright,Overall Pool,Native Hawaiian/Pacific Islander,797,0,0,0,0,0
991,Wright,Overall Pool,Asian,797,6,0.75,0.4690798217496677,0.2809201782503323,60
