court_number,court_name,result_status,white,black_african_american,hlso_race,hlso_ethnicity,asian,american_indian_alaskan_native,mr_bw,mr_ow,mr_aw,mr_unk,unknown,other
021,Adams County District Court,No Result,106,0,0,0,0,0,0,0,0,0,1,0
031,Allamakee County District Court,Peremptory Strike (Defendant/Respondent),40,0,0,0,0,0,0,0,0,0,1,0
031,Allamakee County District Court,Peremptory Strike (Plaintiff/Petitioner),33,0,0,1,0,0,0,0,0,0,0,1
031,Allamakee County District Court,Court,16,0,0,1,0,0,0,0,0,0,0,0
031,Allamakee County District Court,Not Used,26,0,0,0,0,0,0,0,0,0,0,0
031,Allamakee County District Court,Juror,27,0,0,0,0,0,0,0,0,0,0,0
041,Appanoose County District Court,Alternate,1,0,0,0,0,0,0,0,0,0,0,0
041,Appanoose County District Court,Court,8,0,0,0,0,0,0,0,0,0,0,0
041,Appanoose County District Court,Not Used,17,0,0,0,0,0,0,0,0,0,0,0
041,Appanoose County District Court,Peremptory Strike (Plaintiff/Petitioner),10,0,0,0,0,0,0,0,0,0,1,0
041,Appanoose County District Court,Challenged For Cause (Plaintiff/Petitioner),8,0,0,0,0,0,0,0,0,0,0,0
041,Appanoose County District Court,Juror,13,0,0,0,0,0,0,0,0,0,0,0
041,Appanoose County District Court,Peremptory Strike (Defendant/Respondent),9,1,0,0,1,0,0,0,0,0,0,0
061,Benton County District Court,Peremptory Strike (Defendant/Respondent),23,0,0,0,0,0,1,0,0,0,0,0
061,Benton County District Court,Court,8,0,0,0,0,0,0,0,0,0,0,0
061,Benton County District Court,Not Used,41,0,0,2,0,0,0,0,0,0,0,0
061,Benton County District Court,No Result,40,0,0,0,0,0,0,0,0,0,0,0
061,Benton County District Court,Juror,52,0,0,1,0,0,0,0,0,0,0,0
061,Benton County District Court,Challenged For Cause (Plaintiff/Petitioner),1,0,0,0,0,0,0,0,0,0,0,0
061,Benton County District Court,Peremptory Strike (Plaintiff/Petitioner),23,0,0,1,0,0,0,0,0,0,0,0
071,Black Hawk County District Court,Not Used,804,60,0,31,15,0,10,4,2,0,3,16
071,Black Hawk County District Court,Court,158,26,0,8,1,0,3,0,0,1,4,2
071,Black Hawk County District Court,Juror,463,40,0,16,5,0,3,2,0,0,1,12
071,Black Hawk County District Court,No Result,440,39,0,14,8,0,7,1,1,0,1,10
071,Black Hawk County District Court,Peremptory Strike (Defendant/Respondent),274,8,0,3,3,0,0,1,1,0,1,0
071,Black Hawk County District Court,Alternate,31,6,0,2,1,0,0,1,0,0,0,1
071,Black Hawk County District Court,Peremptory Strike (Plaintiff/Petitioner),254,21,0,8,4,0,2,1,1,0,1,3
081,Boone County District Court,No Result,32,0,0,0,0,0,0,0,0,0,0,0
081,Boone County District Court,Peremptory Strike (Defendant/Respondent),61,0,0,0,0,0,0,0,0,0,0,0
081,Boone County District Court,Juror,139,1,0,2,0,0,0,0,0,0,0,1
081,Boone County District Court,Not Used,232,1,0,5,1,0,0,0,2,0,0,3
081,Boone County District Court,Peremptory Strike (Plaintiff/Petitioner),59,0,0,0,1,0,0,0,0,0,0,0
081,Boone County District Court,Alternate,8,0,0,0,0,0,0,0,0,0,0,0
091,Bremer County District Court,Juror,35,0,0,0,0,0,1,0,0,0,0,1
091,Bremer County District Court,Peremptory Strike (Plaintiff/Petitioner),14,0,0,0,0,0,0,0,0,0,0,0
091,Bremer County District Court,Challenged For Cause (Defendant/Respondent),1,0,0,0,0,0,0,0,0,0,0,0
091,Bremer County District Court,Peremptory Strike (Defendant/Respondent),15,1,0,0,0,0,0,0,0,0,0,0
091,Bremer County District Court,Not Used,227,1,0,4,1,0,1,1,0,0,0,1
091,Bremer County District Court,Alternate,3,0,0,0,0,0,0,0,0,0,0,0
091,Bremer County District Court,Court,4,0,0,0,0,0,0,0,0,0,0,0
091,Bremer County District Court,Challenged For Cause (Plaintiff/Petitioner),1,0,0,0,0,0,0,0,0,0,0,0
101,Buchanan County District Court,Peremptory Strike (Defendant/Respondent),41,0,0,1,0,0,0,0,0,0,0,0
101,Buchanan County District Court,Not Used,111,0,0,0,1,0,1,0,0,0,0,0
101,Buchanan County District Court,No Result,87,0,0,0,0,0,0,0,0,0,0,0
101,Buchanan County District Court,Court,25,0,0,1,0,0,0,0,0,0,0,0
101,Buchanan County District Court,Juror,70,0,0,0,0,0,0,0,1,0,0,0
101,Buchanan County District Court,Alternate,1,0,0,0,0,0,0,0,0,0,0,0
101,Buchanan County District Court,Peremptory Strike (Plaintiff/Petitioner),40,0,0,1,1,0,0,0,0,0,0,0
111,Buena Vista County District Court,Juror,13,0,0,1,0,0,0,0,0,0,0,1
111,Buena Vista County District Court,Not Used,35,0,1,11,3,0,0,0,0,0,1,6
121,Butler County District Court,No Result,39,0,0,0,0,0,0,0,0,0,0,0
121,Butler County District Court,Not Used,41,0,0,0,0,0,0,0,0,0,0,0
141,Carroll County District Court,Peremptory Strike (Plaintiff/Petitioner),9,0,0,0,0,0,0,0,0,0,0,0
141,Carroll County District Court,Not Used,24,0,0,0,0,0,0,0,0,0,0,0
141,Carroll County District Court,Peremptory Strike (Defendant/Respondent),9,0,0,0,0,0,0,0,0,0,0,0
141,Carroll County District Court,Alternate,2,0,0,0,0,0,0,0,0,0,0,0
141,Carroll County District Court,Juror,15,1,0,2,0,0,0,0,0,0,0,0
161,Cedar County District Court,No Result,46,0,0,1,1,0,0,0,0,0,0,0
171,Cerro Gordo County District Court,Challenged For Cause (Defendant/Respondent),1,0,0,0,0,0,0,0,0,0,0,0
171,Cerro Gordo County District Court,Challenged For Cause (Plaintiff/Petitioner),13,0,0,1,0,0,0,0,0,0,0,1
171,Cerro Gordo County District Court,Peremptory Strike (Plaintiff/Petitioner),32,1,0,2,0,0,0,0,0,0,0,1
171,Cerro Gordo County District Court,Peremptory Strike (Defendant/Respondent),33,0,0,1,0,0,0,0,0,0,0,0
171,Cerro Gordo County District Court,Alternate,8,0,0,0,0,0,0,0,0,0,0,0
171,Cerro Gordo County District Court,Court,20,0,0,0,0,0,1,1,0,0,0,1
171,Cerro Gordo County District Court,No Result,41,0,0,3,0,0,0,1,0,0,0,2
171,Cerro Gordo County District Court,Not Used,140,3,0,5,3,0,1,0,0,0,0,1
171,Cerro Gordo County District Court,Juror,71,0,0,4,0,0,0,0,0,0,0,0
191,Chickasaw County District Court,Peremptory Strike (Plaintiff/Petitioner),4,0,0,0,0,0,0,0,0,0,0,0
191,Chickasaw County District Court,Court,1,0,0,0,0,0,0,0,0,0,0,0
191,Chickasaw County District Court,Challenged For Cause (Defendant/Respondent),2,0,0,0,0,0,0,0,0,0,0,0
191,Chickasaw County District Court,Not Used,17,0,0,0,0,0,0,0,0,0,0,0
191,Chickasaw County District Court,Peremptory Strike (Defendant/Respondent),4,0,0,0,0,0,0,0,0,0,0,0
191,Chickasaw County District Court,Juror,12,0,0,0,0,0,0,0,0,0,0,0
201,Clarke County District Court,Peremptory Strike (Plaintiff/Petitioner),12,0,0,1,0,0,0,0,0,0,0,1
201,Clarke County District Court,Court,13,0,0,0,0,0,0,0,0,0,0,0
201,Clarke County District Court,Peremptory Strike (Defendant/Respondent),14,0,0,0,0,0,0,0,0,0,0,0
201,Clarke County District Court,Juror,35,0,0,1,0,0,0,0,0,0,0,0
201,Clarke County District Court,Alternate,2,0,0,0,0,0,0,0,0,0,0,0
201,Clarke County District Court,Not Used,86,0,0,3,0,0,0,1,0,0,1,1
211,Clay County District Court,Peremptory Strike (Plaintiff/Petitioner),18,0,0,0,1,0,0,0,0,0,0,0
211,Clay County District Court,Juror,28,0,0,0,0,0,0,0,0,0,0,0
211,Clay County District Court,Peremptory Strike (Defendant/Respondent),20,0,0,0,0,0,0,0,0,0,0,0
211,Clay County District Court,Challenged For Cause (Plaintiff/Petitioner),12,0,0,0,0,0,0,0,0,0,0,0
211,Clay County District Court,Not Used,101,1,0,4,1,0,0,0,0,0,0,3
211,Clay County District Court,Challenged For Cause (Defendant/Respondent),7,0,0,0,0,0,0,0,0,0,0,0
221,Clayton County District Court,Juror,18,0,0,1,0,0,0,0,0,0,0,1
221,Clayton County District Court,Peremptory Strike (Plaintiff/Petitioner),11,0,0,0,0,0,0,0,0,0,0,0
221,Clayton County District Court,Challenged For Cause (Plaintiff/Petitioner),7,0,0,0,0,0,0,0,0,0,0,0
221,Clayton County District Court,Challenged For Cause (Defendant/Respondent),3,0,0,0,0,0,0,0,0,0,0,0
221,Clayton County District Court,Court,3,0,0,0,0,0,0,0,0,0,0,0
221,Clayton County District Court,Peremptory Strike (Defendant/Respondent),11,0,0,0,0,0,0,0,0,0,0,0
221,Clayton County District Court,Not Used,27,0,0,0,0,0,0,0,0,0,0,0
231,Clinton County District Court,Court,28,0,0,0,0,0,0,0,0,0,1,0
231,Clinton County District Court,Juror,107,3,0,2,1,0,1,0,0,0,0,1
231,Clinton County District Court,Not Used,136,3,0,2,0,0,0,0,0,0,0,2
231,Clinton County District Court,No Result,97,2,0,3,1,0,3,0,0,0,0,2
231,Clinton County District Court,Peremptory Strike (Plaintiff/Petitioner),55,1,0,5,0,0,0,0,0,0,0,2
231,Clinton County District Court,Challenged For Cause (Defendant/Respondent),5,0,0,0,0,0,0,0,0,0,0,0
231,Clinton County District Court,Alternate,10,0,0,0,0,0,0,0,0,0,0,0
231,Clinton County District Court,Peremptory Strike (Defendant/Respondent),60,0,0,1,0,0,0,1,0,0,0,0
231,Clinton County District Court,Challenged For Cause (Plaintiff/Petitioner),16,0,0,0,0,0,0,0,0,0,0,0
241,Crawford County District Court,Peremptory Strike (Defendant/Respondent),7,0,0,0,0,0,0,0,0,0,0,0
241,Crawford County District Court,Challenged For Cause (Plaintiff/Petitioner),5,0,0,0,0,0,0,0,0,0,0,0
241,Crawford County District Court,Juror,11,0,0,1,0,0,0,0,0,0,0,1
241,Crawford County District Court,Peremptory Strike (Plaintiff/Petitioner),7,0,0,0,0,0,0,0,0,0,0,0
241,Crawford County District Court,Alternate,1,0,0,1,0,0,0,0,0,0,0,0
241,Crawford County District Court,Not Used,28,0,0,4,0,0,0,0,0,0,0,1
251,Dallas County District Court,Not Used,184,5,0,6,6,0,0,2,0,0,0,4
251,Dallas County District Court,Challenged For Cause (Plaintiff/Petitioner),4,1,0,1,0,0,0,0,0,0,0,1
251,Dallas County District Court,Peremptory Strike (Plaintiff/Petitioner),87,0,0,3,4,0,1,0,1,0,0,3
251,Dallas County District Court,Juror,211,4,0,6,7,0,0,0,0,1,0,6
251,Dallas County District Court,No Result,93,5,0,1,1,0,0,0,0,0,0,1
251,Dallas County District Court,Peremptory Strike (Defendant/Respondent),95,2,0,1,0,0,0,0,1,0,1,0
251,Dallas County District Court,Alternate,3,0,0,1,0,0,0,0,0,0,0,1
251,Dallas County District Court,Challenged For Cause (Defendant/Respondent),1,0,0,0,0,0,0,0,0,0,0,0
251,Dallas County District Court,Court,36,0,0,3,1,0,1,0,0,0,1,1
261,Davis County District Court,Juror,11,0,0,0,0,0,0,0,0,0,0,0
261,Davis County District Court,Not Used,28,0,0,1,0,0,0,0,0,0,0,1
261,Davis County District Court,Peremptory Strike (Defendant/Respondent),7,0,0,0,0,0,0,0,0,0,0,0
261,Davis County District Court,Peremptory Strike (Plaintiff/Petitioner),7,0,0,0,0,0,0,0,0,0,0,0
261,Davis County District Court,Alternate,2,0,0,0,0,0,0,0,0,0,0,0
261,Davis County District Court,Court,7,0,0,0,0,0,0,0,0,0,0,0
281,Delaware County District Court,Peremptory Strike (Plaintiff/Petitioner),4,0,0,0,0,0,0,0,0,0,0,0
281,Delaware County District Court,Court,1,0,0,0,0,0,0,0,0,0,0,0
281,Delaware County District Court,Not Used,11,0,0,0,0,0,0,0,0,0,0,0
281,Delaware County District Court,Juror,6,0,0,0,0,0,0,0,0,0,0,0
281,Delaware County District Court,Peremptory Strike (Defendant/Respondent),4,0,0,0,0,0,0,0,0,0,0,0
291,Des Moines County District Court,No Result,171,8,0,1,0,0,1,0,0,0,0,0
291,Des Moines County District Court,Peremptory Strike (Defendant/Respondent),101,0,0,2,0,0,1,0,0,0,0,1
291,Des Moines County District Court,Not Used,221,8,0,8,2,0,4,2,0,0,2,4
291,Des Moines County District Court,Peremptory Strike (Plaintiff/Petitioner),95,4,0,4,2,0,0,1,0,0,0,0
291,Des Moines County District Court,Alternate,17,1,0,0,0,0,0,0,0,0,0,0
291,Des Moines County District Court,Juror,195,4,0,5,0,0,0,0,0,0,1,0
301,Dickinson County District Court,No Result,77,0,0,0,0,0,0,0,0,0,0,2
311,Dubuque County District Court,Court,65,2,0,5,0,0,2,1,0,0,0,2
311,Dubuque County District Court,Juror,240,0,0,5,3,0,2,0,0,0,0,2
311,Dubuque County District Court,Peremptory Strike (Plaintiff/Petitioner),108,2,0,4,1,0,0,0,0,0,1,1
311,Dubuque County District Court,Challenged For Cause (Plaintiff/Petitioner),10,1,0,0,0,0,0,0,0,0,0,0
311,Dubuque County District Court,Not Used,267,6,0,8,4,0,0,0,0,0,0,1
311,Dubuque County District Court,Peremptory Strike (Defendant/Respondent),118,1,0,0,2,0,0,0,1,0,0,0
311,Dubuque County District Court,Challenged For Cause (Defendant/Respondent),12,0,0,0,0,0,0,0,0,0,0,0
311,Dubuque County District Court,No Result,35,1,0,0,0,0,0,0,0,0,0,0
321,Emmet County District Court,No Result,37,0,0,3,0,0,1,0,1,0,0,1
341,Floyd County District Court,Peremptory Strike (Defendant/Respondent),5,0,0,0,0,0,0,0,0,0,0,0
341,Floyd County District Court,Peremptory Strike (Plaintiff/Petitioner),3,1,0,1,0,0,0,0,0,0,0,1
341,Floyd County District Court,Court,2,0,0,0,0,0,0,0,0,0,0,0
341,Floyd County District Court,Challenged For Cause (Plaintiff/Petitioner),1,0,0,0,0,0,0,0,0,0,0,0
341,Floyd County District Court,Alternate,1,0,0,0,0,0,0,0,0,0,0,0
341,Floyd County District Court,Not Used,27,0,0,1,0,0,0,0,0,0,0,1
341,Floyd County District Court,Juror,11,1,0,1,0,0,0,0,0,0,0,0
361,Fremont County District Court,Peremptory Strike (Defendant/Respondent),3,0,0,0,0,0,0,0,0,0,0,0
361,Fremont County District Court,Challenged For Cause (Defendant/Respondent),4,0,0,0,0,0,0,0,0,0,0,0
361,Fremont County District Court,Not Used,11,0,0,0,0,0,0,0,0,0,0,0
361,Fremont County District Court,Juror,10,0,0,1,0,0,0,0,0,0,1,0
361,Fremont County District Court,Court,2,0,0,0,0,0,0,0,0,0,0,0
361,Fremont County District Court,Peremptory Strike (Plaintiff/Petitioner),4,0,0,0,0,0,0,0,0,0,0,0
371,Greene County District Court,Peremptory Strike (Plaintiff/Petitioner),16,0,0,1,0,0,0,0,0,0,0,0
371,Greene County District Court,Not Used,46,0,0,1,0,0,0,0,0,0,0,1
371,Greene County District Court,Juror,24,0,0,0,0,0,0,0,0,0,0,0
371,Greene County District Court,Court,15,0,0,0,0,0,0,0,0,0,0,0
371,Greene County District Court,No Result,118,0,0,2,0,0,0,0,0,0,0,1
371,Greene County District Court,Peremptory Strike (Defendant/Respondent),11,0,0,0,1,0,0,0,0,0,0,0
371,Greene County District Court,Alternate,3,0,0,0,0,0,0,0,0,0,0,0
391,Guthrie County District Court,Juror,68,0,0,1,0,0,0,0,0,0,2,0
391,Guthrie County District Court,Not Used,120,1,0,4,2,0,0,0,0,0,1,2
391,Guthrie County District Court,Alternate,1,0,0,0,0,0,0,0,0,0,0,0
391,Guthrie County District Court,No Result,21,0,0,0,0,0,0,0,0,0,0,1
401,Hamilton County District Court,Not Used,58,0,0,1,1,0,0,0,0,0,0,0
411,Hancock County District Court,Court,8,1,0,1,0,0,0,0,0,0,0,0
411,Hancock County District Court,Peremptory Strike (Defendant/Respondent),29,0,0,0,0,0,0,0,0,0,0,0
411,Hancock County District Court,Alternate,5,0,0,1,0,0,0,0,0,0,0,0
411,Hancock County District Court,Peremptory Strike (Plaintiff/Petitioner),27,1,0,2,0,0,0,0,0,0,0,1
411,Hancock County District Court,Not Used,142,0,0,2,0,0,0,0,0,0,1,0
411,Hancock County District Court,Juror,57,0,0,3,0,0,0,0,0,0,0,2
421,Hardin County District Court,Peremptory Strike (Plaintiff/Petitioner),7,0,0,0,0,0,0,0,0,0,0,0
421,Hardin County District Court,Peremptory Strike (Defendant/Respondent),7,0,0,0,0,0,0,0,0,0,0,0
421,Hardin County District Court,Not Used,108,0,0,0,0,0,0,0,0,0,0,0
421,Hardin County District Court,Juror,12,0,0,0,0,0,0,0,0,0,0,0
421,Hardin County District Court,Alternate,2,0,0,0,0,0,0,0,0,0,0,0
431,Harrison County District Court,Juror,36,0,0,0,0,0,0,0,0,0,0,0
431,Harrison County District Court,Challenged For Cause (Plaintiff/Petitioner),3,0,0,0,0,0,0,0,0,0,0,0
431,Harrison County District Court,Peremptory Strike (Plaintiff/Petitioner),22,0,0,0,0,0,0,0,0,0,0,0
431,Harrison County District Court,No Result,1,0,0,0,0,0,0,0,0,0,0,0
431,Harrison County District Court,Not Used,34,0,0,0,1,0,0,0,0,0,0,0
431,Harrison County District Court,Challenged For Cause (Defendant/Respondent),1,0,0,0,0,0,0,0,0,0,0,0
431,Harrison County District Court,Court,13,0,0,0,0,0,0,0,0,0,0,0
431,Harrison County District Court,Peremptory Strike (Defendant/Respondent),21,0,0,1,0,0,0,0,0,0,0,0
431,Harrison County District Court,Alternate,4,0,0,0,0,0,0,0,0,0,0,0
441,Henry County District Court,Juror,6,0,0,0,0,0,0,0,0,0,0,0
441,Henry County District Court,Peremptory Strike (Plaintiff/Petitioner),4,0,0,0,0,0,0,0,0,0,0,0
441,Henry County District Court,Not Used,12,0,0,1,0,0,1,0,0,0,0,1
441,Henry County District Court,Peremptory Strike (Defendant/Respondent),4,0,0,1,0,0,0,0,0,0,0,0
451,Howard County District Court,Court,23,0,0,0,0,0,0,0,0,0,0,0
451,Howard County District Court,Peremptory Strike (Plaintiff/Petitioner),5,0,0,0,0,0,0,0,0,0,0,0
451,Howard County District Court,Juror,13,0,0,0,0,0,0,0,0,0,0,0
451,Howard County District Court,Peremptory Strike (Defendant/Respondent),4,1,0,0,0,0,0,0,0,0,0,1
451,Howard County District Court,Not Used,8,0,0,0,0,0,0,0,0,0,0,0
491,Jackson County District Court,Peremptory Strike (Defendant/Respondent),6,0,0,1,0,0,0,0,0,0,1,0
491,Jackson County District Court,Juror,12,0,0,0,0,0,0,0,0,0,0,0
491,Jackson County District Court,Not Used,29,0,0,1,0,0,0,0,0,0,0,0
491,Jackson County District Court,Court,3,0,0,0,0,0,0,0,0,0,0,0
491,Jackson County District Court,Alternate,1,0,0,0,0,0,0,0,0,0,0,0
491,Jackson County District Court,Peremptory Strike (Plaintiff/Petitioner),7,0,0,0,0,0,0,0,0,0,0,0
501,Jasper County District Court,Court,6,0,0,0,0,0,0,0,0,0,0,0
501,Jasper County District Court,Challenged For Cause (Plaintiff/Petitioner),1,0,0,0,0,0,0,0,0,0,0,0
501,Jasper County District Court,Juror,50,0,0,0,0,0,1,0,0,0,0,1
501,Jasper County District Court,Peremptory Strike (Defendant/Respondent),22,0,0,1,0,0,0,0,0,0,0,0
501,Jasper County District Court,No Result,31,0,0,1,1,0,0,0,1,0,0,0
501,Jasper County District Court,Peremptory Strike (Plaintiff/Petitioner),21,0,0,0,0,0,0,0,0,0,0,1
501,Jasper County District Court,Not Used,55,0,0,3,1,0,0,1,0,0,0,0
511,Jefferson County District Court,Challenged For Cause (Plaintiff/Petitioner),12,0,0,1,0,0,0,0,0,0,0,0
511,Jefferson County District Court,Not Used,35,0,0,0,0,0,0,0,0,0,0,0
511,Jefferson County District Court,Alternate,3,0,0,0,0,0,0,0,0,0,0,0
511,Jefferson County District Court,Peremptory Strike (Defendant/Respondent),19,0,0,0,0,0,0,0,0,0,0,0
511,Jefferson County District Court,Juror,35,0,0,1,0,0,0,1,0,0,0,0
511,Jefferson County District Court,Peremptory Strike (Plaintiff/Petitioner),19,0,0,1,0,0,0,0,0,0,0,0
521,Johnson County District Court,Challenged For Cause (Defendant/Respondent),10,0,0,0,0,0,0,0,0,0,0,0
521,Johnson County District Court,Peremptory Strike (Defendant/Respondent),70,3,0,6,3,0,0,1,0,0,2,1
521,Johnson County District Court,Peremptory Strike (Plaintiff/Petitioner),63,4,0,5,6,0,1,0,1,0,0,2
521,Johnson County District Court,Not Used,219,14,1,14,6,0,2,0,2,0,0,6
521,Johnson County District Court,No Result,322,16,0,20,9,0,2,0,2,0,1,8
521,Johnson County District Court,Challenged For Cause (Plaintiff/Petitioner),13,0,0,1,0,0,0,0,0,0,1,0
521,Johnson County District Court,Court,51,4,0,1,2,0,0,0,0,0,0,0
521,Johnson County District Court,Juror,164,14,0,10,7,0,0,1,0,0,2,5
531,Jones County District Court,Peremptory Strike (Plaintiff/Petitioner),13,0,0,2,0,0,0,0,0,0,0,1
531,Jones County District Court,Challenged For Cause (Defendant/Respondent),5,0,0,0,0,0,0,0,0,0,0,0
531,Jones County District Court,Juror,27,0,0,0,0,0,0,0,0,0,0,0
531,Jones County District Court,Not Used,30,0,0,0,0,0,0,0,0,0,0,0
531,Jones County District Court,Challenged For Cause (Plaintiff/Petitioner),4,0,0,0,0,0,0,0,0,0,0,0
531,Jones County District Court,Peremptory Strike (Defendant/Respondent),13,0,0,0,0,0,0,0,0,0,0,0
541,Keokuk County District Court,Juror,12,0,0,0,0,0,0,0,0,0,0,0
541,Keokuk County District Court,Alternate,1,0,0,0,0,0,0,0,0,0,0,0
541,Keokuk County District Court,Peremptory Strike (Plaintiff/Petitioner),7,0,0,0,0,0,0,0,0,0,0,0
541,Keokuk County District Court,Peremptory Strike (Defendant/Respondent),7,0,0,0,0,0,0,0,0,0,0,0
541,Keokuk County District Court,Not Used,27,0,0,0,0,0,0,0,0,0,0,0
551,Kossuth County District Court,Peremptory Strike (Plaintiff/Petitioner),11,0,0,1,0,0,0,0,0,0,0,0
551,Kossuth County District Court,Peremptory Strike (Defendant/Respondent),12,0,0,0,0,0,0,0,0,0,0,0
551,Kossuth County District Court,Juror,24,2,0,0,0,0,0,0,0,0,0,0
551,Kossuth County District Court,Not Used,26,0,0,0,0,0,0,0,0,0,0,0
551,Kossuth County District Court,Court,22,0,0,0,0,0,0,0,0,0,1,0
561,Lee County District Court,Peremptory Strike (Defendant/Respondent),6,1,0,0,0,0,0,0,0,0,0,0
561,Lee County District Court,Juror,11,0,0,0,1,0,0,0,0,0,0,0
561,Lee County District Court,Not Used,12,1,0,0,0,0,1,0,0,0,0,0
561,Lee County District Court,Alternate,2,0,0,0,0,0,0,0,0,0,0,0
561,Lee County District Court,Peremptory Strike (Plaintiff/Petitioner),7,0,0,1,0,0,0,0,0,0,0,0
562,Lee County District Court,Juror,12,0,0,0,0,0,0,0,0,0,0,0
562,Lee County District Court,Peremptory Strike (Defendant/Respondent),7,0,0,0,0,0,0,0,0,0,0,0
562,Lee County District Court,No Result,79,0,0,3,0,0,0,0,0,0,1,0
562,Lee County District Court,Not Used,13,1,0,0,0,0,0,0,0,0,0,0
562,Lee County District Court,Alternate,1,0,0,0,0,0,0,0,0,0,0,0
562,Lee County District Court,Peremptory Strike (Plaintiff/Petitioner),6,1,0,0,0,0,0,0,0,0,0,0
571,Linn County District Court,Challenged For Cause (Plaintiff/Petitioner),39,1,0,1,0,0,1,0,0,0,1,0
571,Linn County District Court,Peremptory Strike (Defendant/Respondent),301,6,0,13,2,0,1,1,0,0,0,3
571,Linn County District Court,Juror,601,23,0,21,5,0,5,0,0,0,2,4
571,Linn County District Court,Challenged For Cause (Defendant/Respondent),30,0,0,0,0,0,0,0,0,0,0,0
571,Linn County District Court,Peremptory Strike (Plaintiff/Petitioner),278,13,0,10,8,0,0,1,1,0,1,11
571,Linn County District Court,No Result,318,19,0,8,2,0,3,0,0,0,0,7
571,Linn County District Court,Not Used,925,47,0,30,10,0,2,0,2,0,1,13
571,Linn County District Court,Court,229,9,0,7,8,0,1,0,0,0,0,3
581,Louisa County District Court,Not Used,81,0,0,4,0,0,0,0,0,0,0,3
581,Louisa County District Court,Peremptory Strike (Defendant/Respondent),24,0,0,2,0,0,0,0,0,0,0,0
581,Louisa County District Court,Alternate,5,0,0,0,0,0,0,0,0,0,0,0
581,Louisa County District Court,Peremptory Strike (Plaintiff/Petitioner),25,0,0,2,0,0,0,0,0,0,0,1
581,Louisa County District Court,Court,12,0,0,3,0,0,0,0,0,0,0,2
581,Louisa County District Court,Juror,46,1,0,2,0,0,0,0,0,0,0,1
591,Lucas County District Court,Juror,37,1,0,0,0,0,0,0,0,0,0,0
591,Lucas County District Court,Not Used,55,1,0,0,0,0,1,0,0,0,0,0
591,Lucas County District Court,Court,4,0,0,0,0,0,0,0,0,0,0,0
591,Lucas County District Court,Peremptory Strike (Defendant/Respondent),9,0,0,0,0,0,0,0,0,0,0,0
591,Lucas County District Court,Peremptory Strike (Plaintiff/Petitioner),8,0,0,0,0,0,0,0,0,0,0,0
601,Lyon County District Court,Peremptory Strike (Plaintiff/Petitioner),14,0,0,0,0,0,0,0,0,0,0,0
601,Lyon County District Court,Challenged For Cause (Defendant/Respondent),0,0,0,0,0,0,0,0,0,0,0,0
601,Lyon County District Court,Juror,24,0,0,1,0,0,0,0,0,0,0,0
601,Lyon County District Court,Challenged For Cause (Plaintiff/Petitioner),4,0,0,0,0,0,0,0,0,0,0,0
601,Lyon County District Court,Peremptory Strike (Defendant/Respondent),14,0,0,0,0,0,0,0,0,0,0,0
601,Lyon County District Court,Alternate,1,0,0,1,0,0,0,0,0,0,0,1
601,Lyon County District Court,Not Used,55,0,0,1,0,0,0,0,0,0,0,0
611,Madison County District Court,Juror,78,0,0,1,1,0,0,0,1,0,0,0
611,Madison County District Court,Not Used,278,1,0,3,0,0,0,0,0,0,1,2
611,Madison County District Court,No Result,1,0,0,0,0,0,0,0,0,0,0,0
621,Mahaska County District Court,Challenged For Cause (Defendant/Respondent),2,0,0,0,0,0,0,0,0,0,0,0
621,Mahaska County District Court,Not Used,114,1,0,2,1,0,1,0,2,0,0,1
621,Mahaska County District Court,Challenged For Cause (Plaintiff/Petitioner),14,0,0,0,0,0,0,0,0,0,0,0
621,Mahaska County District Court,Peremptory Strike (Defendant/Respondent),32,0,0,0,0,0,0,0,0,0,0,0
621,Mahaska County District Court,Juror,60,1,0,0,0,0,0,0,0,0,0,1
621,Mahaska County District Court,Peremptory Strike (Plaintiff/Petitioner),30,0,0,1,2,0,0,0,0,0,0,0
621,Mahaska County District Court,Alternate,6,0,0,0,0,0,0,0,0,0,0,0
621,Mahaska County District Court,Court,10,0,0,0,0,0,0,0,0,0,0,0
631,Marion County District Court,Juror,25,0,0,0,0,0,0,0,0,0,0,0
631,Marion County District Court,Peremptory Strike (Plaintiff/Petitioner),4,0,0,0,0,0,0,0,0,0,0,0
631,Marion County District Court,Not Used,36,1,0,0,0,0,0,0,0,0,0,1
631,Marion County District Court,Peremptory Strike (Defendant/Respondent),4,0,0,0,0,0,0,0,0,0,0,0
641,Marshall County District Court,Juror,201,1,0,18,4,0,1,0,0,0,0,10
641,Marshall County District Court,Not Used,608,4,0,97,8,0,2,2,1,0,2,34
641,Marshall County District Court,No Result,217,2,0,36,4,0,1,0,0,0,1,13
641,Marshall County District Court,Alternate,18,0,0,1,1,0,0,0,0,0,0,1
641,Marshall County District Court,Peremptory Strike (Defendant/Respondent),77,1,0,10,1,0,0,1,0,0,1,3
641,Marshall County District Court,Peremptory Strike (Plaintiff/Petitioner),80,0,0,14,0,0,0,0,0,0,0,2
651,Mills County District Court,Not Used,59,0,0,2,1,0,0,0,0,0,0,1
651,Mills County District Court,Challenged For Cause (Defendant/Respondent),3,0,0,0,0,0,0,0,0,0,0,0
651,Mills County District Court,No Result,23,0,0,1,1,0,0,0,0,0,0,1
651,Mills County District Court,Challenged For Cause (Plaintiff/Petitioner),1,0,0,0,0,0,0,0,0,0,0,0
651,Mills County District Court,Peremptory Strike (Plaintiff/Petitioner),18,0,0,1,0,0,0,0,0,0,0,0
651,Mills County District Court,Juror,47,0,0,0,0,0,0,0,1,0,0,0
651,Mills County District Court,Peremptory Strike (Defendant/Respondent),16,0,0,2,0,0,0,0,0,0,0,1
661,Mitchell County District Court,Challenged For Cause (Defendant/Respondent),5,0,0,0,0,0,0,0,0,0,0,0
661,Mitchell County District Court,Challenged For Cause (Plaintiff/Petitioner),1,0,0,0,0,0,0,0,0,0,0,0
661,Mitchell County District Court,Juror,36,0,0,1,0,0,0,0,0,0,0,0
661,Mitchell County District Court,Alternate,5,0,0,0,0,0,0,0,0,0,0,0
661,Mitchell County District Court,Not Used,30,0,0,0,0,0,0,0,0,0,0,0
661,Mitchell County District Court,Court,15,0,0,0,0,0,0,0,0,0,0,0
661,Mitchell County District Court,Peremptory Strike (Plaintiff/Petitioner),20,0,0,0,0,0,0,0,0,0,0,0
661,Mitchell County District Court,Peremptory Strike (Defendant/Respondent),20,0,0,0,0,0,0,0,0,0,0,0
671,Monona County District Court,Not Used,48,0,0,0,0,0,0,0,0,0,0,1
671,Monona County District Court,Peremptory Strike (Plaintiff/Petitioner),7,0,0,0,0,0,0,0,0,0,0,0
671,Monona County District Court,Juror,12,0,0,0,0,0,0,0,0,0,0,0
671,Monona County District Court,Alternate,1,0,0,0,0,0,0,0,0,0,0,0
671,Monona County District Court,Peremptory Strike (Defendant/Respondent),7,0,0,0,0,0,0,0,0,0,0,0
671,Monona County District Court,Challenged For Cause (Plaintiff/Petitioner),1,0,0,0,0,0,0,0,0,0,0,0
671,Monona County District Court,Challenged For Cause (Defendant/Respondent),4,0,0,0,0,0,0,0,0,0,0,0
681,Monroe County District Court,Alternate,1,0,0,0,0,0,0,0,0,0,0,0
681,Monroe County District Court,Peremptory Strike (Plaintiff/Petitioner),5,0,0,0,0,0,0,0,0,0,0,0
681,Monroe County District Court,Not Used,20,0,0,1,0,0,0,0,0,0,0,1
681,Monroe County District Court,Peremptory Strike (Defendant/Respondent),5,0,0,0,0,0,0,0,0,0,0,0
681,Monroe County District Court,Challenged For Cause (Defendant/Respondent),1,0,0,0,0,0,0,0,0,0,0,0
681,Monroe County District Court,Juror,12,0,0,0,0,0,0,0,0,0,0,0
701,Muscatine County District Court,Peremptory Strike (Plaintiff/Petitioner),113,1,0,21,0,0,0,0,0,0,0,9
701,Muscatine County District Court,Peremptory Strike (Defendant/Respondent),112,0,0,8,1,0,0,1,0,0,0,3
701,Muscatine County District Court,Alternate,18,0,0,2,0,0,0,0,0,0,0,2
701,Muscatine County District Court,Challenged For Cause (Defendant/Respondent),23,1,0,5,0,0,0,0,0,0,0,0
701,Muscatine County District Court,Not Used,486,6,0,66,8,0,1,4,2,0,2,28
701,Muscatine County District Court,Court,58,2,0,12,0,0,0,0,0,0,0,6
701,Muscatine County District Court,No Result,160,3,0,16,2,0,1,0,0,0,0,8
701,Muscatine County District Court,Challenged For Cause (Plaintiff/Petitioner),22,0,0,1,0,0,0,1,0,0,0,0
701,Muscatine County District Court,Juror,209,1,0,22,2,0,0,2,0,0,1,9
711,O'Brien County District Court,Juror,12,0,0,0,0,0,0,0,0,0,0,0
711,O'Brien County District Court,Alternate,1,0,0,0,0,0,0,0,0,0,0,0
711,O'Brien County District Court,Not Used,27,0,0,0,1,0,0,0,0,0,0,0
731,Page County District Court,Juror,23,0,0,0,0,0,0,0,0,0,0,0
731,Page County District Court,Not Used,34,0,0,0,0,0,0,0,0,0,0,0
731,Page County District Court,Peremptory Strike (Defendant/Respondent),8,0,0,0,0,0,0,0,0,0,0,0
731,Page County District Court,Challenged For Cause (Plaintiff/Petitioner),5,0,0,0,0,0,0,0,0,0,0,0
731,Page County District Court,Court,2,0,0,0,0,0,0,0,0,0,0,0
731,Page County District Court,Peremptory Strike (Plaintiff/Petitioner),8,0,0,0,0,0,0,0,0,0,0,0
741,Palo Alto County District Court,Not Used,51,0,0,0,0,0,0,0,0,0,0,0
741,Palo Alto County District Court,Challenged For Cause (Plaintiff/Petitioner),14,0,0,0,1,0,0,0,0,0,0,0
741,Palo Alto County District Court,Challenged For Cause (Defendant/Respondent),2,0,0,0,0,0,0,0,0,0,0,0
741,Palo Alto County District Court,Peremptory Strike (Defendant/Respondent),11,0,0,1,0,0,0,0,0,1,0,0
741,Palo Alto County District Court,Juror,27,0,0,1,0,0,0,0,0,0,0,0
741,Palo Alto County District Court,Peremptory Strike (Plaintiff/Petitioner),12,0,0,0,0,0,0,0,0,0,0,0
751,Plymouth County District Court,Challenged For Cause (Defendant/Respondent),7,0,0,0,0,0,0,0,0,0,0,0
751,Plymouth County District Court,Alternate,4,0,0,1,0,0,0,0,0,0,0,0
751,Plymouth County District Court,Peremptory Strike (Plaintiff/Petitioner),23,0,0,0,0,0,0,0,0,0,0,0
751,Plymouth County District Court,Court,10,1,0,0,0,0,1,0,0,0,0,0
751,Plymouth County District Court,Challenged For Cause (Plaintiff/Petitioner),1,0,0,0,0,0,0,0,0,0,0,0
751,Plymouth County District Court,Peremptory Strike (Defendant/Respondent),21,0,0,2,1,0,0,0,0,0,0,1
751,Plymouth County District Court,Not Used,110,0,0,3,0,0,1,0,0,0,0,2
751,Plymouth County District Court,Juror,48,0,0,0,0,0,0,0,0,0,0,0
751,Plymouth County District Court,No Result,48,0,0,2,1,0,0,0,0,0,0,1
771,Polk County District Court,Peremptory Strike (Plaintiff/Petitioner),359,26,0,34,18,0,2,2,3,0,0,8
771,Polk County District Court,Alternate,79,2,0,3,2,0,1,0,0,0,0,1
771,Polk County District Court,Not Used,395,17,0,27,12,0,3,0,1,0,1,8
771,Polk County District Court,Court,201,18,0,18,21,0,2,0,1,0,0,8
771,Polk County District Court,Challenged For Cause (Defendant/Respondent),25,2,0,3,1,0,1,0,0,0,2,0
771,Polk County District Court,Challenged For Cause (Plaintiff/Petitioner),38,6,0,2,1,0,0,0,0,0,0,2
771,Polk County District Court,No Result,1329,69,0,94,45,0,9,3,9,0,7,30
771,Polk County District Court,Juror,690,39,0,51,20,0,1,0,0,0,2,23
771,Polk County District Court,Peremptory Strike (Defendant/Respondent),404,10,0,16,9,0,1,0,0,0,1,8
781,Pottawattamie County District Court,Challenged For Cause (Defendant/Respondent),1,0,0,1,0,0,0,0,0,0,0,1
781,Pottawattamie County District Court,No Result,39,0,0,3,0,0,0,0,0,0,0,0
781,Pottawattamie County District Court,Challenged For Cause (Plaintiff/Petitioner),4,0,0,0,0,0,0,0,0,0,0,0
781,Pottawattamie County District Court,Peremptory Strike (Plaintiff/Petitioner),12,0,0,0,0,0,0,0,0,0,0,0
781,Pottawattamie County District Court,Not Used,87,1,0,8,2,0,0,0,0,0,0,3
781,Pottawattamie County District Court,Juror,26,0,0,1,0,0,0,0,0,0,0,0
781,Pottawattamie County District Court,Court,3,0,0,0,0,0,0,0,0,0,0,0
781,Pottawattamie County District Court,Peremptory Strike (Defendant/Respondent),11,0,0,0,0,0,0,0,0,0,0,0
791,Poweshiek County District Court,Challenged For Cause (Plaintiff/Petitioner),1,0,0,0,0,0,0,0,0,0,0,0
791,Poweshiek County District Court,Not Used,7,0,0,0,0,0,0,0,0,0,0,0
791,Poweshiek County District Court,Challenged For Cause (Defendant/Respondent),1,0,0,0,0,0,0,0,0,0,0,0
791,Poweshiek County District Court,No Result,49,0,0,0,0,0,0,0,1,0,0,0
791,Poweshiek County District Court,Juror,6,0,0,0,0,0,0,0,0,0,0,0
791,Poweshiek County District Court,Peremptory Strike (Plaintiff/Petitioner),4,0,0,0,0,0,0,0,0,0,0,0
791,Poweshiek County District Court,Peremptory Strike (Defendant/Respondent),4,0,0,0,0,0,0,0,0,0,0,0
821,Scott County District Court,Not Used,1275,65,1,82,16,0,11,4,2,0,6,21
821,Scott County District Court,Challenged For Cause (Plaintiff/Petitioner),102,4,0,8,4,0,1,1,0,0,0,1
821,Scott County District Court,Juror,668,43,0,54,14,0,10,3,2,0,2,13
821,Scott County District Court,Peremptory Strike (Plaintiff/Petitioner),341,28,0,23,4,0,0,1,0,0,1,7
821,Scott County District Court,Alternate,1,1,0,0,0,0,0,0,0,0,0,0
821,Scott County District Court,Peremptory Strike (Defendant/Respondent),367,12,0,24,4,0,0,3,1,0,0,8
821,Scott County District Court,Challenged For Cause (Defendant/Respondent),84,4,0,8,2,0,1,2,1,0,0,1
821,Scott County District Court,No Result,2218,130,3,144,49,0,15,8,8,0,5,43
821,Scott County District Court,Court,186,18,0,9,6,0,2,0,0,0,1,5
841,Sioux County District Court,Juror,24,0,0,0,0,0,0,0,0,0,0,0
841,Sioux County District Court,Peremptory Strike (Defendant/Respondent),12,0,0,0,0,0,0,0,0,0,0,0
841,Sioux County District Court,Peremptory Strike (Plaintiff/Petitioner),11,0,0,1,0,0,0,0,0,0,0,1
841,Sioux County District Court,Not Used,126,0,0,5,2,0,0,0,0,0,0,1
841,Sioux County District Court,Alternate,3,0,0,0,0,0,0,0,0,0,0,0
851,Story County District Court,Peremptory Strike (Defendant/Respondent),74,0,0,1,1,0,0,0,0,0,1,0
851,Story County District Court,Juror,159,3,0,1,2,0,1,0,0,0,0,1
851,Story County District Court,No Result,57,1,0,1,3,0,0,0,0,0,1,0
851,Story County District Court,Court,51,1,0,1,3,0,0,0,1,0,0,1
851,Story County District Court,Peremptory Strike (Plaintiff/Petitioner),63,2,0,5,3,0,1,0,1,0,1,1
851,Story County District Court,Alternate,9,0,0,1,1,0,0,0,0,0,0,1
851,Story County District Court,Not Used,251,2,1,2,10,0,2,0,1,0,1,0
861,Tama County District Court,Court,9,0,0,2,0,0,0,0,0,0,0,0
861,Tama County District Court,Juror,50,0,0,1,0,0,0,0,0,0,0,2
861,Tama County District Court,Not Used,30,0,0,1,0,0,0,0,0,0,0,1
861,Tama County District Court,Challenged For Cause (Defendant/Respondent),1,0,0,0,0,0,0,0,0,0,0,0
861,Tama County District Court,Peremptory Strike (Plaintiff/Petitioner),17,1,0,3,0,0,0,1,0,0,0,1
861,Tama County District Court,Challenged For Cause (Plaintiff/Petitioner),1,0,0,0,0,0,0,0,0,0,0,0
861,Tama County District Court,Peremptory Strike (Defendant/Respondent),22,0,0,0,0,0,0,0,0,0,0,0
861,Tama County District Court,No Result,137,0,0,4,0,0,0,0,0,0,0,3
871,Taylor County District Court,Peremptory Strike (Plaintiff/Petitioner),11,0,0,0,0,0,0,0,0,0,0,0
871,Taylor County District Court,Not Used,30,0,0,1,0,0,1,1,0,0,1,0
871,Taylor County District Court,Juror,13,0,0,0,0,0,0,0,0,0,0,0
871,Taylor County District Court,Peremptory Strike (Defendant/Respondent),11,0,0,0,0,0,0,0,0,0,0,0
881,Union County District Court,Peremptory Strike (Plaintiff/Petitioner),20,1,0,1,1,0,0,0,0,0,0,0
881,Union County District Court,Peremptory Strike (Defendant/Respondent),22,0,0,0,0,0,0,0,0,0,0,0
881,Union County District Court,Challenged For Cause (Defendant/Respondent),4,0,0,0,1,0,0,0,0,0,0,0
881,Union County District Court,Challenged For Cause (Plaintiff/Petitioner),6,0,0,0,0,0,0,0,0,0,0,0
881,Union County District Court,No Result,110,0,0,2,1,0,0,1,0,0,0,0
881,Union County District Court,Juror,50,0,0,2,0,0,0,1,0,0,0,0
881,Union County District Court,Not Used,30,0,0,0,0,0,0,0,0,0,0,0
891,Van Buren County District Court,Court,4,0,0,0,0,0,0,0,0,0,0,0
891,Van Buren County District Court,Juror,12,0,0,0,0,0,0,0,0,0,0,0
891,Van Buren County District Court,Not Used,2,0,0,0,0,0,0,0,0,0,0,0
891,Van Buren County District Court,Alternate,1,0,0,0,0,0,0,0,0,0,0,0
891,Van Buren County District Court,Peremptory Strike (Defendant/Respondent),5,0,0,0,0,0,0,0,0,0,0,0
891,Van Buren County District Court,Peremptory Strike (Plaintiff/Petitioner),5,0,0,0,0,0,0,0,0,0,0,0
901,Wapello County District Court,Not Used,280,2,0,16,0,0,0,1,0,0,1,9
901,Wapello County District Court,Challenged For Cause (Defendant/Respondent),7,0,0,1,0,0,0,0,0,0,0,1
901,Wapello County District Court,Challenged For Cause (Plaintiff/Petitioner),34,1,0,4,0,0,0,0,0,0,0,0
901,Wapello County District Court,Peremptory Strike (Plaintiff/Petitioner),55,0,0,2,0,0,0,0,0,0,0,1
901,Wapello County District Court,Court,12,0,0,0,0,0,0,0,0,0,0,0
901,Wapello County District Court,No Result,62,1,0,3,1,0,0,1,1,0,1,2
901,Wapello County District Court,Alternate,15,0,0,1,0,0,0,0,0,0,0,1
901,Wapello County District Court,Juror,109,0,0,2,0,0,0,0,0,0,0,2
901,Wapello County District Court,Peremptory Strike (Defendant/Respondent),54,0,0,2,1,0,0,0,0,0,1,1
911,Warren County District Court,No Result,79,0,0,3,1,0,0,0,0,0,0,1
911,Warren County District Court,Juror,155,0,0,3,2,0,0,0,0,0,0,2
911,Warren County District Court,Not Used,315,1,0,17,2,0,1,0,0,0,1,5
921,Washington County District Court,Peremptory Strike (Defendant/Respondent),23,0,0,0,0,0,0,0,0,0,0,0
921,Washington County District Court,No Result,66,0,0,1,0,0,0,0,0,0,0,1
921,Washington County District Court,Juror,41,1,0,0,0,0,0,0,0,0,0,0
921,Washington County District Court,Peremptory Strike (Plaintiff/Petitioner),22,0,0,1,0,0,0,0,0,0,0,0
921,Washington County District Court,Not Used,69,0,0,2,0,0,0,0,0,0,1,0
921,Washington County District Court,Challenged For Cause (Plaintiff/Petitioner),13,0,0,0,0,0,0,0,0,0,0,0
921,Washington County District Court,Alternate,4,0,0,0,0,0,0,0,0,0,0,0
921,Washington County District Court,Challenged For Cause (Defendant/Respondent),1,0,0,0,0,0,0,0,0,0,0,0
931,Wayne County District Court,Peremptory Strike (Plaintiff/Petitioner),6,0,0,0,0,0,0,0,0,0,0,0
931,Wayne County District Court,Juror,13,0,0,0,0,0,0,0,0,0,0,0
931,Wayne County District Court,Court,18,0,0,0,0,0,0,0,0,0,0,0
931,Wayne County District Court,Not Used,5,0,0,0,0,0,0,0,0,0,0,0
931,Wayne County District Court,No Result,60,1,0,0,0,0,0,0,0,0,0,0
931,Wayne County District Court,Peremptory Strike (Defendant/Respondent),7,0,0,0,0,0,0,0,0,0,0,0
941,Webster County District Court,Challenged For Cause (Plaintiff/Petitioner),57,6,0,1,0,0,1,1,0,0,0,1
941,Webster County District Court,Not Used,462,12,0,21,1,0,4,0,0,0,1,8
941,Webster County District Court,Alternate,5,0,0,0,0,0,0,0,0,0,0,0
941,Webster County District Court,Peremptory Strike (Plaintiff/Petitioner),43,1,0,3,0,0,0,0,0,0,0,0
941,Webster County District Court,Challenged For Cause (Defendant/Respondent),1,0,0,0,0,0,0,0,0,0,0,0
941,Webster County District Court,Peremptory Strike (Defendant/Respondent),44,0,0,2,0,0,0,0,0,0,0,1
941,Webster County District Court,Juror,70,0,0,0,1,0,1,0,0,0,0,1
951,Winnebago County District Court,Juror,59,1,0,1,0,0,0,0,0,0,0,0
951,Winnebago County District Court,Not Used,154,0,0,10,1,0,1,1,2,0,0,3
951,Winnebago County District Court,Alternate,4,0,0,0,0,0,0,0,0,0,0,0
951,Winnebago County District Court,Court,21,0,0,0,0,0,0,0,0,0,0,0
951,Winnebago County District Court,Peremptory Strike (Defendant/Respondent),30,0,0,1,0,0,0,0,0,0,0,1
951,Winnebago County District Court,Peremptory Strike (Plaintiff/Petitioner),28,0,0,2,2,0,0,0,0,0,0,0
961,Winneshiek County District Court,Peremptory Strike (Plaintiff/Petitioner),13,0,0,0,0,0,0,0,0,0,0,0
961,Winneshiek County District Court,Peremptory Strike (Defendant/Respondent),12,0,0,1,0,0,0,0,0,0,0,1
961,Winneshiek County District Court,Juror,14,0,0,0,0,0,0,0,0,0,0,0
961,Winneshiek County District Court,No Result,33,0,0,0,0,0,0,0,0,0,0,0
961,Winneshiek County District Court,Not Used,58,0,0,0,3,0,0,0,0,0,0,0
961,Winneshiek County District Court,Court,8,0,0,0,0,0,0,0,0,0,0,0
971,Woodbury County District Court,No Result,159,9,0,22,7,0,0,0,2,1,2,10
971,Woodbury County District Court,Not Used,426,8,1,38,5,0,2,2,3,0,1,14
971,Woodbury County District Court,Peremptory Strike (Defendant/Respondent),146,1,0,8,3,0,0,0,1,0,1,1
971,Woodbury County District Court,Court,138,5,0,32,11,0,1,0,3,0,1,13
971,Woodbury County District Court,Juror,262,5,1,34,3,0,2,1,3,0,1,11
971,Woodbury County District Court,Peremptory Strike (Plaintiff/Petitioner),132,6,0,21,0,0,0,1,0,0,0,10
981,Worth County District Court,Peremptory Strike (Defendant/Respondent),6,0,0,0,0,0,0,0,0,0,1,0
981,Worth County District Court,Alternate,2,0,0,0,0,0,0,0,0,0,0,0
981,Worth County District Court,Not Used,24,0,0,1,0,0,0,0,0,0,0,0
981,Worth County District Court,Challenged For Cause (Plaintiff/Petitioner),1,0,0,0,0,0,0,0,0,0,0,0
981,Worth County District Court,Peremptory Strike (Plaintiff/Petitioner),7,0,0,0,0,0,0,0,0,0,0,0
981,Worth County District Court,Court,16,0,0,0,0,0,0,0,0,0,0,0
981,Worth County District Court,Juror,12,0,0,1,0,0,0,0,0,0,0,0
981,Worth County District Court,Challenged For Cause (Defendant/Respondent),3,0,0,0,0,0,0,0,0,0,0,0
991,Wright County District Court,Court,2,0,0,0,0,0,0,0,0,0,0,0
991,Wright County District Court,Peremptory Strike (Plaintiff/Petitioner),5,0,0,0,0,0,0,0,0,0,0,0
991,Wright County District Court,Juror,13,0,0,0,0,0,0,0,0,0,0,0
991,Wright County District Court,Peremptory Strike (Defendant/Respondent),3,0,0,0,1,0,0,0,0,0,0,0
991,Wright County District Court,Challenged For Cause (Plaintiff/Petitioner),1,0,0,0,0,0,0,0,0,0,0,0
991,Wright County District Court,Not Used,28,0,0,5,0,0,0,0,0,0,0,0
