county_name,race,census_count
Adair,Black/African American,115
Adair,American Indian/Alaskan Native,13
Adair,Asian,23
Adair,Native Hawaiian/Pacific Islander,5
Adair,Multiracial,201
Adams,Black/African American,11
Adams,American Indian/Alaskan Native,8
Adams,Asian,0
Adams,Native Hawaiian/Pacific Islander,0
Adams,Multiracial,164
Allamakee,Black/African American,257
Allamakee,American Indian/Alaskan Native,124
Allamakee,Asian,57
Allamakee,Native Hawaiian/Pacific Islander,0
Allamakee,Multiracial,928
Appanoose,Black/African American,100
Appanoose,American Indian/Alaskan Native,3
Appanoose,Asian,111
Appanoose,Native Hawaiian/Pacific Islander,0
Appanoose,Multiracial,366
Audubon,Black/African American,28
Audubon,American Indian/Alaskan Native,10
Audubon,Asian,3
Audubon,Native Hawaiian/Pacific Islander,14
Audubon,Multiracial,187
Benton,Black/African American,107
Benton,American Indian/Alaskan Native,26
Benton,Asian,60
Benton,Native Hawaiian/Pacific Islander,0
Benton,Multiracial,837
Black Hawk,Black/African American,12135
Black Hawk,American Indian/Alaskan Native,382
Black Hawk,Asian,3565
Black Hawk,Native Hawaiian/Pacific Islander,964
Black Hawk,Multiracial,6664
Boone,Black/African American,307
Boone,American Indian/Alaskan Native,11
Boone,Asian,53
Boone,Native Hawaiian/Pacific Islander,0
Boone,Multiracial,1029
Bremer,Black/African American,289
Bremer,American Indian/Alaskan Native,12
Bremer,Asian,226
Bremer,Native Hawaiian/Pacific Islander,8
Bremer,Multiracial,955
Buchanan,Black/African American,124
Buchanan,American Indian/Alaskan Native,58
Buchanan,Asian,40
Buchanan,Native Hawaiian/Pacific Islander,13
Buchanan,Multiracial,517
Buena Vista,Black/African American,679
Buena Vista,American Indian/Alaskan Native,85
Buena Vista,Asian,1982
Buena Vista,Native Hawaiian/Pacific Islander,608
Buena Vista,Multiracial,2604
Butler,Black/African American,24
Butler,American Indian/Alaskan Native,7
Butler,Asian,179
Butler,Native Hawaiian/Pacific Islander,0
Butler,Multiracial,387
Calhoun,Black/African American,158
Calhoun,American Indian/Alaskan Native,17
Calhoun,Asian,22
Calhoun,Native Hawaiian/Pacific Islander,0
Calhoun,Multiracial,450
Carroll,Black/African American,139
Carroll,American Indian/Alaskan Native,22
Carroll,Asian,39
Carroll,Native Hawaiian/Pacific Islander,0
Carroll,Multiracial,1069
Cass,Black/African American,118
Cass,American Indian/Alaskan Native,43
Cass,Asian,68
Cass,Native Hawaiian/Pacific Islander,54
Cass,Multiracial,308
Cedar,Black/African American,79
Cedar,American Indian/Alaskan Native,13
Cedar,Asian,96
Cedar,Native Hawaiian/Pacific Islander,10
Cedar,Multiracial,840
Cerro Gordo,Black/African American,987
Cerro Gordo,American Indian/Alaskan Native,77
Cerro Gordo,Asian,499
Cerro Gordo,Native Hawaiian/Pacific Islander,267
Cerro Gordo,Multiracial,2280
Cherokee,Black/African American,202
Cherokee,American Indian/Alaskan Native,0
Cherokee,Asian,43
Cherokee,Native Hawaiian/Pacific Islander,0
Cherokee,Multiracial,813
Chickasaw,Black/African American,64
Chickasaw,American Indian/Alaskan Native,46
Chickasaw,Asian,2
Chickasaw,Native Hawaiian/Pacific Islander,2
Chickasaw,Multiracial,455
Clarke,Black/African American,5
Clarke,American Indian/Alaskan Native,97
Clarke,Asian,54
Clarke,Native Hawaiian/Pacific Islander,0
Clarke,Multiracial,703
Clay,Black/African American,45
Clay,American Indian/Alaskan Native,26
Clay,Asian,124
Clay,Native Hawaiian/Pacific Islander,0
Clay,Multiracial,659
Clayton,Black/African American,112
Clayton,American Indian/Alaskan Native,10
Clayton,Asian,56
Clayton,Native Hawaiian/Pacific Islander,0
Clayton,Multiracial,581
Clinton,Black/African American,1434
Clinton,American Indian/Alaskan Native,126
Clinton,Asian,310
Clinton,Native Hawaiian/Pacific Islander,0
Clinton,Multiracial,2726
Crawford,Black/African American,152
Crawford,American Indian/Alaskan Native,117
Crawford,Asian,357
Crawford,Native Hawaiian/Pacific Islander,0
Crawford,Multiracial,2985
Dallas,Black/African American,3189
Dallas,American Indian/Alaskan Native,186
Dallas,Asian,5263
Dallas,Native Hawaiian/Pacific Islander,32
Dallas,Multiracial,6742
Davis,Black/African American,0
Davis,American Indian/Alaskan Native,15
Davis,Asian,1
Davis,Native Hawaiian/Pacific Islander,0
Davis,Multiracial,269
Decatur,Black/African American,102
Decatur,American Indian/Alaskan Native,16
Decatur,Asian,56
Decatur,Native Hawaiian/Pacific Islander,1
Decatur,Multiracial,356
Delaware,Black/African American,13
Delaware,American Indian/Alaskan Native,188
Delaware,Asian,0
Delaware,Native Hawaiian/Pacific Islander,0
Delaware,Multiracial,731
Des Moines,Black/African American,1830
Des Moines,American Indian/Alaskan Native,126
Des Moines,Asian,464
Des Moines,Native Hawaiian/Pacific Islander,1
Des Moines,Multiracial,2951
Dickinson,Black/African American,6
Dickinson,American Indian/Alaskan Native,10
Dickinson,Asian,83
Dickinson,Native Hawaiian/Pacific Islander,0
Dickinson,Multiracial,853
Dubuque,Black/African American,2932
Dubuque,American Indian/Alaskan Native,39
Dubuque,Asian,1354
Dubuque,Native Hawaiian/Pacific Islander,802
Dubuque,Multiracial,4977
Emmet,Black/African American,152
Emmet,American Indian/Alaskan Native,6
Emmet,Asian,21
Emmet,Native Hawaiian/Pacific Islander,5
Emmet,Multiracial,726
Fayette,Black/African American,153
Fayette,American Indian/Alaskan Native,69
Fayette,Asian,177
Fayette,Native Hawaiian/Pacific Islander,1
Fayette,Multiracial,1026
Floyd,Black/African American,211
Floyd,American Indian/Alaskan Native,8
Floyd,Asian,247
Floyd,Native Hawaiian/Pacific Islander,10
Floyd,Multiracial,1029
Franklin,Black/African American,67
Franklin,American Indian/Alaskan Native,29
Franklin,Asian,36
Franklin,Native Hawaiian/Pacific Islander,0
Franklin,Multiracial,990
Fremont,Black/African American,39
Fremont,American Indian/Alaskan Native,5
Fremont,Asian,10
Fremont,Native Hawaiian/Pacific Islander,0
Fremont,Multiracial,450
Greene,Black/African American,10
Greene,American Indian/Alaskan Native,23
Greene,Asian,55
Greene,Native Hawaiian/Pacific Islander,0
Greene,Multiracial,421
Grundy,Black/African American,71
Grundy,American Indian/Alaskan Native,58
Grundy,Asian,59
Grundy,Native Hawaiian/Pacific Islander,0
Grundy,Multiracial,228
Guthrie,Black/African American,60
Guthrie,American Indian/Alaskan Native,15
Guthrie,Asian,50
Guthrie,Native Hawaiian/Pacific Islander,27
Guthrie,Multiracial,437
Hamilton,Black/African American,144
Hamilton,American Indian/Alaskan Native,49
Hamilton,Asian,338
Hamilton,Native Hawaiian/Pacific Islander,21
Hamilton,Multiracial,1117
Hancock,Black/African American,48
Hancock,American Indian/Alaskan Native,11
Hancock,Asian,133
Hancock,Native Hawaiian/Pacific Islander,0
Hancock,Multiracial,379
Hardin,Black/African American,180
Hardin,American Indian/Alaskan Native,152
Hardin,Asian,149
Hardin,Native Hawaiian/Pacific Islander,0
Hardin,Multiracial,565
Harrison,Black/African American,18
Harrison,American Indian/Alaskan Native,9
Harrison,Asian,43
Harrison,Native Hawaiian/Pacific Islander,0
Harrison,Multiracial,587
Henry,Black/African American,510
Henry,American Indian/Alaskan Native,106
Henry,Asian,205
Henry,Native Hawaiian/Pacific Islander,7
Henry,Multiracial,1160
Howard,Black/African American,79
Howard,American Indian/Alaskan Native,23
Howard,Asian,31
Howard,Native Hawaiian/Pacific Islander,0
Howard,Multiracial,338
Humboldt,Black/African American,32
Humboldt,American Indian/Alaskan Native,16
Humboldt,Asian,98
Humboldt,Native Hawaiian/Pacific Islander,70
Humboldt,Multiracial,359
Ida,Black/African American,23
Ida,American Indian/Alaskan Native,32
Ida,Asian,46
Ida,Native Hawaiian/Pacific Islander,0
Ida,Multiracial,318
Iowa,Black/African American,54
Iowa,American Indian/Alaskan Native,15
Iowa,Asian,40
Iowa,Native Hawaiian/Pacific Islander,0
Iowa,Multiracial,672
Jackson,Black/African American,189
Jackson,American Indian/Alaskan Native,13
Jackson,Asian,22
Jackson,Native Hawaiian/Pacific Islander,90
Jackson,Multiracial,521
Jasper,Black/African American,583
Jasper,American Indian/Alaskan Native,32
Jasper,Asian,281
Jasper,Native Hawaiian/Pacific Islander,65
Jasper,Multiracial,1604
Jefferson,Black/African American,399
Jefferson,American Indian/Alaskan Native,123
Jefferson,Asian,1285
Jefferson,Native Hawaiian/Pacific Islander,0
Jefferson,Multiracial,543
Johnson,Black/African American,12059
Johnson,American Indian/Alaskan Native,273
Johnson,Asian,8849
Johnson,Native Hawaiian/Pacific Islander,31
Johnson,Multiracial,12096
Jones,Black/African American,514
Jones,American Indian/Alaskan Native,17
Jones,Asian,128
Jones,Native Hawaiian/Pacific Islander,0
Jones,Multiracial,829
Keokuk,Black/African American,26
Keokuk,American Indian/Alaskan Native,9
Keokuk,Asian,20
Keokuk,Native Hawaiian/Pacific Islander,0
Keokuk,Multiracial,319
Kossuth,Black/African American,104
Kossuth,American Indian/Alaskan Native,19
Kossuth,Asian,60
Kossuth,Native Hawaiian/Pacific Islander,8
Kossuth,Multiracial,648
Lee,Black/African American,815
Lee,American Indian/Alaskan Native,35
Lee,Asian,185
Lee,Native Hawaiian/Pacific Islander,21
Lee,Multiracial,1536
Linn,Black/African American,13735
Linn,American Indian/Alaskan Native,507
Linn,Asian,5504
Linn,Native Hawaiian/Pacific Islander,53
Linn,Multiracial,15022
Louisa,Black/African American,110
Louisa,American Indian/Alaskan Native,67
Louisa,Asian,231
Louisa,Native Hawaiian/Pacific Islander,0
Louisa,Multiracial,858
Lucas,Black/African American,25
Lucas,American Indian/Alaskan Native,1
Lucas,Asian,73
Lucas,Native Hawaiian/Pacific Islander,0
Lucas,Multiracial,234
Lyon,Black/African American,43
Lyon,American Indian/Alaskan Native,19
Lyon,Asian,59
Lyon,Native Hawaiian/Pacific Islander,4
Lyon,Multiracial,495
Madison,Black/African American,149
Madison,American Indian/Alaskan Native,16
Madison,Asian,76
Madison,Native Hawaiian/Pacific Islander,8
Madison,Multiracial,504
Mahaska,Black/African American,293
Mahaska,American Indian/Alaskan Native,18
Mahaska,Asian,229
Mahaska,Native Hawaiian/Pacific Islander,65
Mahaska,Multiracial,955
Marion,Black/African American,141
Marion,American Indian/Alaskan Native,12
Marion,Asian,473
Marion,Native Hawaiian/Pacific Islander,0
Marion,Multiracial,1039
Marshall,Black/African American,824
Marshall,American Indian/Alaskan Native,506
Marshall,Asian,1652
Marshall,Native Hawaiian/Pacific Islander,0
Marshall,Multiracial,5513
Mills,Black/African American,59
Mills,American Indian/Alaskan Native,16
Mills,Asian,82
Mills,Native Hawaiian/Pacific Islander,0
Mills,Multiracial,744
Mitchell,Black/African American,37
Mitchell,American Indian/Alaskan Native,34
Mitchell,Asian,64
Mitchell,Native Hawaiian/Pacific Islander,0
Mitchell,Multiracial,197
Monona,Black/African American,21
Monona,American Indian/Alaskan Native,40
Monona,Asian,0
Monona,Native Hawaiian/Pacific Islander,0
Monona,Multiracial,497
Monroe,Black/African American,90
Monroe,American Indian/Alaskan Native,11
Monroe,Asian,35
Monroe,Native Hawaiian/Pacific Islander,3
Monroe,Multiracial,211
Montgomery,Black/African American,184
Montgomery,American Indian/Alaskan Native,6
Montgomery,Asian,109
Montgomery,Native Hawaiian/Pacific Islander,37
Montgomery,Multiracial,337
Muscatine,Black/African American,958
Muscatine,American Indian/Alaskan Native,136
Muscatine,Asian,272
Muscatine,Native Hawaiian/Pacific Islander,0
Muscatine,Multiracial,3405
O'Brien,Black/African American,240
O'Brien,American Indian/Alaskan Native,55
O'Brien,Asian,92
O'Brien,Native Hawaiian/Pacific Islander,22
O'Brien,Multiracial,872
Osceola,Black/African American,29
Osceola,American Indian/Alaskan Native,65
Osceola,Asian,35
Osceola,Native Hawaiian/Pacific Islander,0
Osceola,Multiracial,619
Page,Black/African American,259
Page,American Indian/Alaskan Native,83
Page,Asian,99
Page,Native Hawaiian/Pacific Islander,2
Page,Multiracial,723
Palo Alto,Black/African American,145
Palo Alto,American Indian/Alaskan Native,21
Palo Alto,Asian,57
Palo Alto,Native Hawaiian/Pacific Islander,0
Palo Alto,Multiracial,399
Plymouth,Black/African American,615
Plymouth,American Indian/Alaskan Native,110
Plymouth,Asian,135
Plymouth,Native Hawaiian/Pacific Islander,112
Plymouth,Multiracial,1222
Pocahontas,Black/African American,91
Pocahontas,American Indian/Alaskan Native,17
Pocahontas,Asian,12
Pocahontas,Native Hawaiian/Pacific Islander,55
Pocahontas,Multiracial,377
Polk,Black/African American,37401
Polk,American Indian/Alaskan Native,1562
Polk,Asian,25053
Polk,Native Hawaiian/Pacific Islander,238
Polk,Multiracial,38930
Pottawattamie,Black/African American,1810
Pottawattamie,American Indian/Alaskan Native,253
Pottawattamie,Asian,829
Pottawattamie,Native Hawaiian/Pacific Islander,163
Pottawattamie,Multiracial,6525
Poweshiek,Black/African American,193
Poweshiek,American Indian/Alaskan Native,56
Poweshiek,Asian,380
Poweshiek,Native Hawaiian/Pacific Islander,0
Poweshiek,Multiracial,977
Ringgold,Black/African American,18
Ringgold,American Indian/Alaskan Native,16
Ringgold,Asian,0
Ringgold,Native Hawaiian/Pacific Islander,0
Ringgold,Multiracial,138
Sac,Black/African American,49
Sac,American Indian/Alaskan Native,8
Sac,Asian,63
Sac,Native Hawaiian/Pacific Islander,17
Sac,Multiracial,376
Scott,Black/African American,12617
Scott,American Indian/Alaskan Native,332
Scott,Asian,4993
Scott,Native Hawaiian/Pacific Islander,92
Scott,Multiracial,14978
Shelby,Black/African American,37
Shelby,American Indian/Alaskan Native,101
Shelby,Asian,56
Shelby,Native Hawaiian/Pacific Islander,0
Shelby,Multiracial,518
Sioux,Black/African American,214
Sioux,American Indian/Alaskan Native,130
Sioux,Asian,197
Sioux,Native Hawaiian/Pacific Islander,6
Sioux,Multiracial,2391
Story,Black/African American,2796
Story,American Indian/Alaskan Native,465
Story,Asian,6641
Story,Native Hawaiian/Pacific Islander,110
Story,Multiracial,5804
Tama,Black/African American,207
Tama,American Indian/Alaskan Native,1029
Tama,Asian,116
Tama,Native Hawaiian/Pacific Islander,6
Tama,Multiracial,1691
Taylor,Black/African American,10
Taylor,American Indian/Alaskan Native,18
Taylor,Asian,9
Taylor,Native Hawaiian/Pacific Islander,0
Taylor,Multiracial,219
Union,Black/African American,196
Union,American Indian/Alaskan Native,16
Union,Asian,106
Union,Native Hawaiian/Pacific Islander,0
Union,Multiracial,371
Van Buren,Black/African American,31
Van Buren,American Indian/Alaskan Native,4
Van Buren,Asian,3
Van Buren,Native Hawaiian/Pacific Islander,0
Van Buren,Multiracial,215
Wapello,Black/African American,1068
Wapello,American Indian/Alaskan Native,155
Wapello,Asian,634
Wapello,Native Hawaiian/Pacific Islander,857
Wapello,Multiracial,3175
Warren,Black/African American,405
Warren,American Indian/Alaskan Native,154
Warren,Asian,407
Warren,Native Hawaiian/Pacific Islander,8
Warren,Multiracial,2530
Washington,Black/African American,236
Washington,American Indian/Alaskan Native,2
Washington,Asian,87
Washington,Native Hawaiian/Pacific Islander,4
Washington,Multiracial,1181
Wayne,Black/African American,12
Wayne,American Indian/Alaskan Native,8
Wayne,Asian,6
Wayne,Native Hawaiian/Pacific Islander,0
Wayne,Multiracial,348
Webster,Black/African American,1201
Webster,American Indian/Alaskan Native,96
Webster,Asian,455
Webster,Native Hawaiian/Pacific Islander,0
Webster,Multiracial,2918
Winnebago,Black/African American,237
Winnebago,American Indian/Alaskan Native,22
Winnebago,Asian,140
Winnebago,Native Hawaiian/Pacific Islander,0
Winnebago,Multiracial,634
Winneshiek,Black/African American,81
Winneshiek,American Indian/Alaskan Native,73
Winneshiek,Asian,107
Winneshiek,Native Hawaiian/Pacific Islander,1
Winneshiek,Multiracial,897
Woodbury,Black/African American,5255
Woodbury,American Indian/Alaskan Native,1899
Woodbury,Asian,2513
Woodbury,Native Hawaiian/Pacific Islander,775
Woodbury,Multiracial,15191
Worth,Black/African American,59
Worth,American Indian/Alaskan Native,12
Worth,Asian,41
Worth,Native Hawaiian/Pacific Islander,0
Worth,Multiracial,269
Wright,Black/African American,56
Wright,American Indian/Alaskan Native,70
Wright,Asian,60
Wright,Native Hawaiian/Pacific Islander,0
Wright,Multiracial,1845
Adair,White,6942
Adams,White,3422
Allamakee,White,12193
Appanoose,White,11423
Audubon,White,5254
Benton,White,24293
Black Hawk,White,102297
Boone,White,24771
Bremer,White,23256
Buchanan,White,19649
Buena Vista,White,10808
Butler,White,13493
Calhoun,White,8954
Carroll,White,18932
Cass,White,12244
Cedar,White,17095
Cerro Gordo,White,37619
Cherokee,White,10280
Chickasaw,White,10930
Clarke,White,7488
Clay,White,14994
Clayton,White,16154
Clinton,White,41188
Crawford,White,10106
Dallas,White,87326
Davis,White,8592
Decatur,White,6997
Delaware,White,16514
Des Moines,White,32523
Dickinson,White,16795
Dubuque,White,87398
Emmet,White,7893
Fayette,White,17555
Floyd,White,13594
Franklin,White,7987
Fremont,White,5955
Greene,White,8019
Grundy,White,11749
Guthrie,White,9880
Hamilton,White,12471
Hancock,White,9618
Hardin,White,14984
Harrison,White,13813
Henry,White,17245
Howard,White,8782
Humboldt,White,8667
Ida,White,6324
Iowa,White,15270
Jackson,White,18158
Jasper,White,34444
Jefferson,White,12941
Johnson,White,117191
Jones,White,19126
Keokuk,White,9387
Kossuth,White,13315
Lee,White,29696
Linn,White,189409
Louisa,White,8220
Lucas,White,8192
Lyon,White,11356
Madison,White,15953
Mahaska,White,20161
Marion,White,31393
Marshall,White,26461
Mills,White,13503
Mitchell,White,10061
Monona,White,7944
Monroe,White,7121
Montgomery,White,9392
Muscatine,White,31908
O'Brien,White,12288
Osceola,White,5126
Page,White,13662
Palo Alto,White,8088
Plymouth,White,22664
Pocahontas,White,6242
Polk,White,368110
Pottawattamie,White,78988
Poweshiek,White,16653
Ringgold,White,4397
Sac,White,8899
Scott,White,134498
Shelby,White,10751
Sioux,White,29982
Story,White,81361
Tama,White,13220
Taylor,White,5215
Union,White,11018
Van Buren,White,6833
Wapello,White,26750
Warren,White,50017
Washington,White,20008
Wayne,White,6122
Webster,White,30940
Winnebago,White,9415
Winneshiek,White,18533
Woodbury,White,71279
Worth,White,6857
Wright,White,9662
Adair,HLSO,7460
Adams,HLSO,3622
Allamakee,HLSO,14092
Appanoose,HLSO,12184
Audubon,HLSO,5599
Benton,HLSO,25724
Black Hawk,HLSO,131049
Boone,HLSO,26668
Bremer,HLSO,25204
Buchanan,HLSO,20694
Buena Vista,HLSO,20753
Butler,HLSO,14268
Calhoun,HLSO,9803
Carroll,HLSO,20594
Cass,HLSO,13096
Cedar,HLSO,18349
Cerro Gordo,HLSO,42632
Cherokee,HLSO,11600
Chickasaw,HLSO,11807
Clarke,HLSO,9662
Clay,HLSO,16461
Clayton,HLSO,17013
Clinton,HLSO,46268
Crawford,HLSO,16277
Dallas,HLSO,107968
Davis,HLSO,9157
Decatur,HLSO,7759
Delaware,HLSO,17558
Des Moines,HLSO,38487
Dickinson,HLSO,17990
Dubuque,HLSO,99030
Emmet,HLSO,9262
Fayette,HLSO,19288
Floyd,HLSO,15328
Franklin,HLSO,9956
Fremont,HLSO,6514
Greene,HLSO,8688
Grundy,HLSO,12384
Guthrie,HLSO,10688
Hamilton,HLSO,14886
Hancock,HLSO,10671
Hardin,HLSO,16639
Harrison,HLSO,14632
Henry,HLSO,20004
Howard,HLSO,9445
Humboldt,HLSO,9591
Ida,HLSO,6911
Iowa,HLSO,16507
Jackson,HLSO,19390
Jasper,HLSO,37954
Jefferson,HLSO,15705
Johnson,HLSO,156639
Jones,HLSO,20896
Keokuk,HLSO,9924
Kossuth,HLSO,14516
Lee,HLSO,32893
Linn,HLSO,230004
Louisa,HLSO,10678
Lucas,HLSO,8716
Lyon,HLSO,12162
Madison,HLSO,16926
Mahaska,HLSO,22021
Marion,HLSO,33642
Marshall,HLSO,40114
Mills,HLSO,14568
Mitchell,HLSO,10575
Monona,HLSO,8557
Monroe,HLSO,7513
Montgomery,HLSO,10214
Muscatine,HLSO,42559
O'Brien,HLSO,14126
Osceola,HLSO,6100
Page,HLSO,15131
Palo Alto,HLSO,8863
Plymouth,HLSO,25747
Pocahontas,HLSO,7046
Polk,HLSO,503175
Pottawattamie,HLSO,93424
Poweshiek,HLSO,18545
Ringgold,HLSO,4645
Sac,HLSO,9689
Scott,HLSO,174608
Shelby,HLSO,11778
Sioux,HLSO,36212
Story,HLSO,100466
Tama,HLSO,16868
Taylor,HLSO,5868
Union,HLSO,11993
Van Buren,HLSO,7241
Wapello,HLSO,35362
Warren,HLSO,54409
Washington,HLSO,22561
Wayne,HLSO,6532
Webster,HLSO,36886
Winnebago,HLSO,10583
Winneshiek,HLSO,19873
Woodbury,HLSO,106247
Worth,HLSO,7350
Wright,HLSO,12791
