"court_number","county_name","dataset","race","adjusted_total","jury_count","jury_pool_pct","county_population_pct","representation_gap"
"011","Adair","Overall Pool","Asian",715,3,0.42,0.308310991957105,0.111689008042895
"011","Adair","Overall Pool","Native Hawaiian/Pacific Islander",715,0,0,0.0670241286863271,-0.0670241286863271
"011","Adair","Overall Pool","White",715,699,97.76,93.0563002680965,4.70369973190348
"011","Adair","Overall Pool","American Indian/Alaskan Native",715,1,0.14,0.17426273458445,-0.0342627345844504
"011","Adair","Overall Pool","Black/African American",715,4,0.56,1.54155495978552,-0.981554959785523
"011","Adair","Overall Pool","Multiracial",715,2,0.28,2.69436997319035,-2.41436997319035
"011","Adair","Overall Pool","HLSO Ethnicity",715,13,1.82,3.15013404825737,-1.33013404825737
"021","Adams","Overall Pool","Native Hawaiian/Pacific Islander",661,0,0,0,0
"021","Adams","Overall Pool","White",661,643,97.28,94.4781888459415,2.80181115405853
"021","Adams","Overall Pool","Multiracial",661,4,0.61,4.527885146328,-3.917885146328
"021","Adams","Overall Pool","Black/African American",661,2,0.3,0.303699613473219,-0.00369961347321923
"021","Adams","Overall Pool","American Indian/Alaskan Native",661,0,0,0.220872446162341,-0.220872446162341
"021","Adams","Overall Pool","HLSO Ethnicity",661,8,1.21,1.73937051352844,-0.529370513528437
"021","Adams","Overall Pool","Asian",661,5,0.76,0,0.76
"031","Allamakee","Overall Pool","Multiracial",994,7,0.7,6.58529662219699,-5.88529662219699
"031","Allamakee","Overall Pool","HLSO Ethnicity",994,32,3.22,9.14703377803009,-5.92703377803009
"031","Allamakee","Overall Pool","White",994,953,95.88,86.5242690888447,9.35573091115526
"031","Allamakee","Overall Pool","Black/African American",994,5,0.5,1.8237297757593,-1.3237297757593
"031","Allamakee","Overall Pool","American Indian/Alaskan Native",994,5,0.5,0.879931876241839,-0.379931876241839
"031","Allamakee","Overall Pool","Asian",994,6,0.6,0.40448481407891,0.19551518592109
"031","Allamakee","Overall Pool","Native Hawaiian/Pacific Islander",994,0,0,0,0
"041","Appanoose","Overall Pool","White",836,812,97.13,93.7541037426132,3.37589625738674
"041","Appanoose","Overall Pool","Native Hawaiian/Pacific Islander",836,0,0,0,0
"041","Appanoose","Overall Pool","American Indian/Alaskan Native",836,4,0.48,0.0246224556795798,0.45537754432042
"041","Appanoose","Overall Pool","Asian",836,8,0.96,0.911030860144452,0.0489691398555483
"041","Appanoose","Overall Pool","Black/African American",836,5,0.6,0.820748522652659,-0.220748522652659
"041","Appanoose","Overall Pool","HLSO Ethnicity",836,8,0.96,2.04366382140512,-1.08366382140512
"041","Appanoose","Overall Pool","Multiracial",836,4,0.48,3.00393959290873,-2.52393959290873
"051","Audubon","Overall Pool","American Indian/Alaskan Native",976,3,0.31,0.17860332202179,0.13139667797821
"051","Audubon","Overall Pool","Asian",976,3,0.31,0.0535809966065369,0.256419003393463
"051","Audubon","Overall Pool","Native Hawaiian/Pacific Islander",976,0,0,0.250044650830505,-0.250044650830505
"051","Audubon","Overall Pool","Multiracial",976,2,0.2,3.33988212180747,-3.13988212180747
"051","Audubon","Overall Pool","HLSO Ethnicity",976,14,1.43,2.50044650830505,-1.07044650830505
"051","Audubon","Overall Pool","White",976,952,97.54,93.8381853902483,3.70181460975174
"051","Audubon","Overall Pool","Black/African American",976,6,0.61,0.500089301661011,0.109910698338989
"061","Benton","Overall Pool","HLSO Ethnicity",1761,28,1.59,1.97092209609703,-0.38092209609703
"061","Benton","Overall Pool","Multiracial",1761,17,0.97,3.25377079769865,-2.28377079769865
"061","Benton","Overall Pool","Native Hawaiian/Pacific Islander",1761,1,0.06,0,0.06
"061","Benton","Overall Pool","Asian",1761,3,0.17,0.233245218473021,-0.0632452184730213
"061","Benton","Overall Pool","American Indian/Alaskan Native",1761,5,0.28,0.101072928004976,0.178927071995024
"061","Benton","Overall Pool","Black/African American",1761,5,0.28,0.415953972943555,-0.135953972943555
"061","Benton","Overall Pool","White",1761,1716,97.44,94.4371015394184,3.00289846058155
"071","Black Hawk","Overall Pool","Black/African American",16467,1586,9.63,9.25989515372113,0.370104846278874
"071","Black Hawk","Overall Pool","Multiracial",16467,287,1.74,5.08512083266564,-3.34512083266564
"071","Black Hawk","Overall Pool","Native Hawaiian/Pacific Islander",16467,54,0.33,0.735602713488848,-0.405602713488848
"071","Black Hawk","Overall Pool","American Indian/Alaskan Native",16467,41,0.25,0.29149402132027,-0.0414940213202695
"071","Black Hawk","Overall Pool","Asian",16467,412,2.5,2.7203565078711,-0.220356507871101
"071","Black Hawk","Overall Pool","White",16467,13613,82.67,78.0601149188471,4.60988508115285
"071","Black Hawk","Overall Pool","HLSO Ethnicity",16467,581,3.53,5.23544628345123,-1.70544628345123
"081","Boone","Overall Pool","American Indian/Alaskan Native",5730,12,0.21,0.0412479376031198,0.16875206239688
"081","Boone","Overall Pool","Black/African American",5730,37,0.65,1.15119244037798,-0.501192440377981
"081","Boone","Overall Pool","Multiracial",5730,67,1.17,3.85855707214639,-2.68855707214639
"081","Boone","Overall Pool","HLSO Ethnicity",5730,111,1.94,2.93610319484026,-0.996103194840258
"081","Boone","Overall Pool","Asian",5730,18,0.31,0.19874006299685,0.11125993700315
"081","Boone","Overall Pool","White",5730,5522,96.37,92.8866056697165,3.48339433028349
"081","Boone","Overall Pool","Native Hawaiian/Pacific Islander",5730,0,0,0,0
"091","Bremer","Overall Pool","White",1018,987,96.95,92.271068084431,4.67893191556897
"091","Bremer","Overall Pool","Native Hawaiian/Pacific Islander",1018,0,0,0.0317409934930963,-0.0317409934930963
"091","Bremer","Overall Pool","American Indian/Alaskan Native",1018,1,0.1,0.0476114902396445,0.0523885097603555
"091","Bremer","Overall Pool","Black/African American",1018,11,1.08,1.1466433899381,-0.0666433899381049
"091","Bremer","Overall Pool","Multiracial",1018,8,0.79,3.78908109823837,-2.99908109823837
"091","Bremer","Overall Pool","Asian",1018,6,0.59,0.896683066179971,-0.306683066179971
"091","Bremer","Overall Pool","HLSO Ethnicity",1018,14,1.38,2.09490557054436,-0.714905570544358
"101","Buchanan","Overall Pool","HLSO Ethnicity",1546,17,1.1,1.93292741857543,-0.832927418575433
"101","Buchanan","Overall Pool","Multiracial",1546,11,0.71,2.49830868850875,-1.78830868850875
"101","Buchanan","Overall Pool","Native Hawaiian/Pacific Islander",1546,0,0,0.0628201411037016,-0.0628201411037016
"101","Buchanan","Overall Pool","Black/African American",1546,8,0.52,0.599207499758384,-0.079207499758384
"101","Buchanan","Overall Pool","Asian",1546,8,0.52,0.193292741857543,0.326707258142457
"101","Buchanan","Overall Pool","White",1546,1506,97.41,94.9502271189717,2.45977288102831
"101","Buchanan","Overall Pool","American Indian/Alaskan Native",1546,2,0.13,0.280274475693438,-0.150274475693438
"111","Buena Vista","Overall Pool","American Indian/Alaskan Native",1329,4,0.3,0.409579337927047,-0.109579337927047
"111","Buena Vista","Overall Pool","HLSO Ethnicity",1329,273,20.54,29.3644292391461,-8.82442923914614
"111","Buena Vista","Overall Pool","Multiracial",1329,11,0.83,12.5475834819062,-11.7175834819062
"111","Buena Vista","Overall Pool","Black/African American",1329,14,1.05,3.27181612297017,-2.22181612297017
"111","Buena Vista","Overall Pool","White",1329,1016,76.45,52.0792174625355,24.3707825374645
"111","Buena Vista","Overall Pool","Native Hawaiian/Pacific Islander",1329,21,1.58,2.92969691128993,-1.34969691128993
"111","Buena Vista","Overall Pool","Asian",1329,100,7.52,9.55042644436949,-2.03042644436949
"121","Butler","Overall Pool","Native Hawaiian/Pacific Islander",945,1,0.11,0,0.11
"121","Butler","Overall Pool","Black/African American",945,3,0.32,0.168208578637511,0.151791421362489
"121","Butler","Overall Pool","Multiracial",945,4,0.42,2.71236333052986,-2.29236333052986
"121","Butler","Overall Pool","White",945,926,97.99,94.5682646481637,3.42173535183628
"121","Butler","Overall Pool","HLSO Ethnicity",945,11,1.16,1.74516400336417,-0.585164003364172
"121","Butler","Overall Pool","American Indian/Alaskan Native",945,1,0.11,0.0490608354359406,0.0609391645640594
"121","Butler","Overall Pool","Asian",945,2,0.21,1.25455564900477,-1.04455564900477
"131","Calhoun","Overall Pool","White",581,560,96.39,91.3393859022748,5.05061409772519
"131","Calhoun","Overall Pool","Multiracial",581,5,0.86,4.59043150056105,-3.73043150056105
"131","Calhoun","Overall Pool","Native Hawaiian/Pacific Islander",581,1,0.17,0,0.17
"131","Calhoun","Overall Pool","American Indian/Alaskan Native",581,0,0,0.173416301132306,-0.173416301132306
"131","Calhoun","Overall Pool","HLSO Ethnicity",581,9,1.55,2.71345506477609,-1.16345506477609
"131","Calhoun","Overall Pool","Black/African American",581,6,1.03,1.61175150464144,-0.581751504641436
"131","Calhoun","Overall Pool","Asian",581,2,0.34,0.224421095582985,0.115578904417015
"141","Carroll","Overall Pool","Multiracial",1186,9,0.76,5.19083228124697,-4.43083228124697
"141","Carroll","Overall Pool","Black/African American",1186,9,0.76,0.674953870059241,0.0850461299407594
"141","Carroll","Overall Pool","HLSO Ethnicity",1186,25,2.11,3.49616393124211,-1.38616393124211
"141","Carroll","Overall Pool","Asian",1186,6,0.51,0.189375546275614,0.320624453724386
"141","Carroll","Overall Pool","American Indian/Alaskan Native",1186,1,0.08,0.106827231232398,-0.0268272312323978
"141","Carroll","Overall Pool","Native Hawaiian/Pacific Islander",1186,0,0,0,0
"141","Carroll","Overall Pool","White",1186,1150,96.96,91.9296882587161,5.03031174128385
"151","Cass","Overall Pool","Multiracial",1723,11,0.64,2.35186316432498,-1.71186316432498
"151","Cass","Overall Pool","HLSO Ethnicity",1723,22,1.28,2.72602321319487,-1.44602321319487
"151","Cass","Overall Pool","Black/African American",1723,6,0.35,0.901038485033598,-0.551038485033598
"151","Cass","Overall Pool","American Indian/Alaskan Native",1723,8,0.46,0.328344532681735,0.131655467318265
"151","Cass","Overall Pool","Asian",1723,7,0.41,0.519242516799023,-0.109242516799023
"151","Cass","Overall Pool","White",1723,1669,96.87,93.4941967012828,3.37580329871716
"151","Cass","Overall Pool","Native Hawaiian/Pacific Islander",1723,4,0.23,0.412339645693341,-0.182339645693341
"161","Cedar","Overall Pool","Asian",2509,12,0.48,0.52318927461987,-0.0431892746198703
"161","Cedar","Overall Pool","White",2509,2422,96.53,93.165840100278,3.36415989972205
"161","Cedar","Overall Pool","Black/African American",2509,17,0.68,0.430541173905935,0.249458826094065
"161","Cedar","Overall Pool","Native Hawaiian/Pacific Islander",2509,2,0.08,0.0544988827729031,0.0255011172270968
"161","Cedar","Overall Pool","Multiracial",2509,16,0.64,4.57790615292387,-3.93790615292387
"161","Cedar","Overall Pool","HLSO Ethnicity",2509,44,1.75,2.76309335658619,-1.01309335658619
"161","Cedar","Overall Pool","American Indian/Alaskan Native",2509,9,0.36,0.0708485476047741,0.289151452395226
"171","Cerro Gordo","Overall Pool","Asian",2820,27,0.96,1.17048226684181,-0.210482266841809
"171","Cerro Gordo","Overall Pool","American Indian/Alaskan Native",2820,6,0.21,0.180615500093826,0.0293844999061737
"171","Cerro Gordo","Overall Pool","HLSO Ethnicity",2820,118,4.18,5.62253706136236,-1.44253706136236
"171","Cerro Gordo","Overall Pool","White",2820,2652,94.04,88.2412272471383,5.79877275286171
"171","Cerro Gordo","Overall Pool","Native Hawaiian/Pacific Islander",2820,10,0.35,0.626290110714956,-0.276290110714956
"171","Cerro Gordo","Overall Pool","Multiracial",2820,38,1.35,5.34809532745356,-3.99809532745356
"171","Cerro Gordo","Overall Pool","Black/African American",2820,43,1.52,2.3151623193845,-0.7951623193845
"181","Cherokee","Overall Pool","White",964,930,96.47,88.6206896551724,7.84931034482759
"181","Cherokee","Overall Pool","Multiracial",964,5,0.52,7.00862068965517,-6.48862068965517
"181","Cherokee","Overall Pool","American Indian/Alaskan Native",964,1,0.1,0,0.1
"181","Cherokee","Overall Pool","Asian",964,3,0.31,0.370689655172414,-0.0606896551724138
"181","Cherokee","Overall Pool","Native Hawaiian/Pacific Islander",964,0,0,0,0
"181","Cherokee","Overall Pool","HLSO Ethnicity",964,25,2.59,5.35344827586207,-2.76344827586207
"181","Cherokee","Overall Pool","Black/African American",964,9,0.93,1.74137931034483,-0.811379310344827
"191","Chickasaw","Overall Pool","Asian",1038,2,0.19,0.0169391039214026,0.173060896078597
"191","Chickasaw","Overall Pool","Native Hawaiian/Pacific Islander",1038,2,0.19,0.0169391039214026,0.173060896078597
"191","Chickasaw","Overall Pool","American Indian/Alaskan Native",1038,2,0.19,0.389599390192259,-0.199599390192259
"191","Chickasaw","Overall Pool","White",1038,1005,96.82,92.572202930465,4.24779706953501
"191","Chickasaw","Overall Pool","HLSO Ethnicity",1038,23,2.22,4.6159058185822,-2.3959058185822
"191","Chickasaw","Overall Pool","Multiracial",1038,4,0.39,3.85364614211908,-3.46364614211908
"191","Chickasaw","Overall Pool","Black/African American",1038,5,0.48,0.542051325484882,-0.0620513254848819
"201","Clarke","Overall Pool","American Indian/Alaskan Native",794,5,0.63,1.00393293314014,-0.373932933140137
"201","Clarke","Overall Pool","White",794,700,88.16,77.4994825087973,10.6605174912027
"201","Clarke","Overall Pool","Native Hawaiian/Pacific Islander",794,3,0.38,0,0.38
"201","Clarke","Overall Pool","Black/African American",794,7,0.88,0.0517491202649555,0.828250879735045
"201","Clarke","Overall Pool","Asian",794,7,0.88,0.558890498861519,0.321109501138481
"201","Clarke","Overall Pool","Multiracial",794,9,1.13,7.27592630925274,-6.14592630925274
"201","Clarke","Overall Pool","HLSO Ethnicity",794,77,9.7,16.8081142620575,-7.10811426205754
"211","Clay","Overall Pool","Multiracial",1688,13,0.77,4.00340198043861,-3.23340198043861
"211","Clay","Overall Pool","White",1688,1615,95.68,91.0880262438491,4.59197375615091
"211","Clay","Overall Pool","Asian",1688,14,0.83,0.753295668549906,0.0767043314500941
"211","Clay","Overall Pool","Black/African American",1688,10,0.59,0.273373428102788,0.316626571897212
"211","Clay","Overall Pool","Native Hawaiian/Pacific Islander",1688,0,0,0,0
"211","Clay","Overall Pool","American Indian/Alaskan Native",1688,3,0.18,0.157949091792722,0.0220509082072778
"211","Clay","Overall Pool","HLSO Ethnicity",1688,51,3.02,4.74454771885062,-1.72454771885062
"221","Clayton","Overall Pool","White",972,953,98.05,94.950919884794,3.09908011520601
"221","Clayton","Overall Pool","Asian",972,3,0.31,0.329160054076295,-0.0191600540762946
"221","Clayton","Overall Pool","American Indian/Alaskan Native",972,0,0,0.0587785810850526,-0.0587785810850526
"221","Clayton","Overall Pool","Black/African American",972,2,0.21,0.658320108152589,-0.448320108152589
"221","Clayton","Overall Pool","Multiracial",972,4,0.41,3.41503556104156,-3.00503556104156
"221","Clayton","Overall Pool","Native Hawaiian/Pacific Islander",972,0,0,0,0
"221","Clayton","Overall Pool","HLSO Ethnicity",972,8,0.82,2.31587609475107,-1.49587609475107
"231","Clinton","Overall Pool","Asian",8395,47,0.56,0.670009509812397,-0.110009509812397
"231","Clinton","Overall Pool","White",8395,7846,93.46,89.0204893230743,4.43951067692574
"231","Clinton","Overall Pool","Multiracial",8395,114,1.36,5.89176104435031,-4.53176104435031
"231","Clinton","Overall Pool","HLSO Ethnicity",8395,220,2.62,3.60508342699058,-0.985083426990577
"231","Clinton","Overall Pool","American Indian/Alaskan Native",8395,24,0.29,0.272326445923749,0.0176735540762514
"231","Clinton","Overall Pool","Black/African American",8395,221,2.63,3.09933431313219,-0.469334313132186
"231","Clinton","Overall Pool","Native Hawaiian/Pacific Islander",8395,12,0.14,0,0.14
"241","Crawford","Overall Pool","Black/African American",2177,29,1.33,0.933833015912023,0.396166984087977
"241","Crawford","Overall Pool","Multiracial",2177,13,0.6,18.3387602137986,-17.7387602137986
"241","Crawford","Overall Pool","HLSO Ethnicity",2177,337,15.48,30.8349204398845,-15.3549204398845
"241","Crawford","Overall Pool","American Indian/Alaskan Native",2177,5,0.23,0.718805676721755,-0.488805676721755
"241","Crawford","Overall Pool","Native Hawaiian/Pacific Islander",2177,1,0.05,0,0.05
"241","Crawford","Overall Pool","White",2177,1764,81.03,62.0876082816244,18.9423917183756
"241","Crawford","Overall Pool","Asian",2177,35,1.61,2.19327885974074,-0.583278859740738
"251","Dallas","Overall Pool","American Indian/Alaskan Native",4308,9,0.21,0.172273266152934,0.0377267338470658
"251","Dallas","Overall Pool","Native Hawaiian/Pacific Islander",4308,3,0.07,0.02963841138115,0.04036158861885
"251","Dallas","Overall Pool","HLSO Ethnicity",4308,197,4.57,6.90297125074096,-2.33297125074096
"251","Dallas","Overall Pool","Black/African American",4308,120,2.79,2.95365293420273,-0.163652934202727
"251","Dallas","Overall Pool","White",4308,3815,88.56,80.8813722584469,7.67862774155306
"251","Dallas","Overall Pool","Multiracial",4308,60,1.39,6.24444279786603,-4.85444279786603
"251","Dallas","Overall Pool","Asian",4308,174,4.04,4.87459247184351,-0.834592471843509
"261","Davis","Overall Pool","American Indian/Alaskan Native",694,3,0.43,0.163809107786393,0.266190892213607
"261","Davis","Overall Pool","Native Hawaiian/Pacific Islander",694,0,0,0,0
"261","Davis","Overall Pool","Asian",694,3,0.43,0.0109206071857595,0.419079392814241
"261","Davis","Overall Pool","HLSO Ethnicity",694,9,1.3,2.43529540242437,-1.13529540242437
"261","Davis","Overall Pool","Multiracial",694,4,0.58,2.93764333296931,-2.35764333296931
"261","Davis","Overall Pool","Black/African American",694,3,0.43,0,0.43
"261","Davis","Overall Pool","White",694,676,97.41,93.8298569400459,3.58014305995414
"271","Decatur","Overall Pool","American Indian/Alaskan Native",516,1,0.19,0.206212140739786,-0.0162121407397861
"271","Decatur","Overall Pool","HLSO Ethnicity",516,8,1.55,3.53138291016884,-1.98138291016884
"271","Decatur","Overall Pool","Asian",516,4,0.78,0.721742492589251,0.0582575074107489
"271","Decatur","Overall Pool","Multiracial",516,2,0.39,4.58822013146024,-4.19822013146024
"271","Decatur","Overall Pool","Black/African American",516,4,0.78,1.31460239721614,-0.534602397216136
"271","Decatur","Overall Pool","Native Hawaiian/Pacific Islander",516,1,0.19,0.0128882587962366,0.177111741203763
"271","Decatur","Overall Pool","White",516,497,96.32,90.1791467972677,6.1408532027323
"281","Delaware","Overall Pool","White",1022,996,97.46,94.0539924820595,3.40600751794054
"281","Delaware","Overall Pool","Black/African American",1022,8,0.78,0.0740403234992596,0.70595967650074
"281","Delaware","Overall Pool","Native Hawaiian/Pacific Islander",1022,0,0,0,0
"281","Delaware","Overall Pool","HLSO Ethnicity",1022,20,1.96,1.71431825948286,0.245681740517143
"281","Delaware","Overall Pool","American Indian/Alaskan Native",1022,1,0.1,1.07073698598929,-0.970736985989293
"281","Delaware","Overall Pool","Multiracial",1022,2,0.2,4.16334434445837,-3.96334434445837
"281","Delaware","Overall Pool","Asian",1022,5,0.49,0,0.49
"291","Des Moines","Overall Pool","White",4324,3921,90.68,84.5038584457089,6.17614155429106
"291","Des Moines","Overall Pool","Asian",4324,43,0.99,1.2056018915478,-0.215601891547795
"291","Des Moines","Overall Pool","Multiracial",4324,78,1.8,7.66752409904643,-5.86752409904643
"291","Des Moines","Overall Pool","Native Hawaiian/Pacific Islander",4324,5,0.12,0.00259827993868059,0.117401720061319
"291","Des Moines","Overall Pool","HLSO Ethnicity",4324,106,2.45,3.67656611323304,-1.22656611323304
"291","Des Moines","Overall Pool","Black/African American",4324,203,4.69,4.75485228778549,-0.0648522877854854
"291","Des Moines","Overall Pool","American Indian/Alaskan Native",4324,12,0.28,0.327383272273755,-0.0473832722737547
"301","Dickinson","Overall Pool","Asian",1715,9,0.52,0.461367426347971,0.0586325736520289
"301","Dickinson","Overall Pool","HLSO Ethnicity",1715,32,1.87,2.85158421345192,-0.981584213451918
"301","Dickinson","Overall Pool","Black/African American",1715,4,0.23,0.0333518621456365,0.196648137854364
"301","Dickinson","Overall Pool","American Indian/Alaskan Native",1715,1,0.06,0.0555864369093941,0.00441356309060589
"301","Dickinson","Overall Pool","Native Hawaiian/Pacific Islander",1715,2,0.12,0,0.12
"301","Dickinson","Overall Pool","White",1715,1670,97.38,93.3574207893274,4.02257921067259
"301","Dickinson","Overall Pool","Multiracial",1715,11,0.64,4.74152306837132,-4.10152306837132
"311","Dubuque","Overall Pool","Multiracial",8790,74,0.84,5.02574977279612,-4.18574977279612
"311","Dubuque","Overall Pool","American Indian/Alaskan Native",8790,13,0.15,0.0393820054528931,0.110617994547107
"311","Dubuque","Overall Pool","HLSO Ethnicity",8790,191,2.17,3.26567706755529,-1.09567706755529
"311","Dubuque","Overall Pool","Asian",8790,92,1.05,1.36726244572352,-0.317262445723518
"311","Dubuque","Overall Pool","Native Hawaiian/Pacific Islander",8790,26,0.3,0.809855599313339,-0.509855599313339
"311","Dubuque","Overall Pool","Black/African American",8790,209,2.38,2.96071897404827,-0.580718974048268
"311","Dubuque","Overall Pool","White",8790,8276,94.15,88.2540644249217,5.89593557507827
"321","Emmet","Overall Pool","Multiracial",1311,8,0.61,7.83847980997625,-7.22847980997625
"321","Emmet","Overall Pool","Asian",1311,7,0.53,0.226732887065429,0.303267112934571
"321","Emmet","Overall Pool","Black/African American",1311,7,0.53,1.64111423018786,-1.11111423018786
"321","Emmet","Overall Pool","American Indian/Alaskan Native",1311,3,0.23,0.0647808248758368,0.165219175124163
"321","Emmet","Overall Pool","White",1311,1239,94.51,85.2191751241632,9.29082487583676
"321","Emmet","Overall Pool","Native Hawaiian/Pacific Islander",1311,0,0,0.053984020729864,-0.053984020729864
"321","Emmet","Overall Pool","HLSO Ethnicity",1311,67,5.11,10.1705895055064,-5.06058950550637
"331","Fayette","Overall Pool","HLSO Ethnicity",1262,31,2.46,3.07445043550394,-0.61445043550394
"331","Fayette","Overall Pool","White",1262,1222,96.83,91.0151389464952,5.81486105350477
"331","Fayette","Overall Pool","Black/African American",1262,10,0.79,0.793239319784322,-0.00323931978432179
"331","Fayette","Overall Pool","Multiracial",1262,12,0.95,5.31936955620075,-4.36936955620075
"331","Fayette","Overall Pool","American Indian/Alaskan Native",1262,1,0.08,0.357735379510577,-0.277735379510577
"331","Fayette","Overall Pool","Asian",1262,4,0.32,0.917669017005392,-0.597669017005392
"331","Fayette","Overall Pool","Native Hawaiian/Pacific Islander",1262,1,0.08,0.00518457071754458,0.0748154292824554
"341","Floyd","Overall Pool","Black/African American",1224,22,1.8,1.37656576200418,0.423434237995825
"341","Floyd","Overall Pool","White",1224,1150,93.95,88.687369519833,5.26263048016702
"341","Floyd","Overall Pool","American Indian/Alaskan Native",1224,4,0.33,0.0521920668058455,0.277807933194155
"341","Floyd","Overall Pool","HLSO Ethnicity",1224,32,2.61,3.88178496868476,-1.27178496868476
"341","Floyd","Overall Pool","Multiracial",1224,11,0.9,6.71320459290188,-5.81320459290188
"341","Floyd","Overall Pool","Native Hawaiian/Pacific Islander",1224,0,0,0.0652400835073069,-0.0652400835073069
"341","Floyd","Overall Pool","Asian",1224,20,1.63,1.61143006263048,0.0185699373695198
"351","Franklin","Overall Pool","Native Hawaiian/Pacific Islander",1153,0,0,0,0
"351","Franklin","Overall Pool","Multiracial",1153,8,0.69,9.94375251104861,-9.25375251104861
"351","Franklin","Overall Pool","White",1153,1090,94.54,80.2229811169144,14.3170188830856
"351","Franklin","Overall Pool","Asian",1153,4,0.35,0.361591000401768,-0.0115910004017678
"351","Franklin","Overall Pool","Black/African American",1153,6,0.52,0.672961028525512,-0.152961028525512
"351","Franklin","Overall Pool","HLSO Ethnicity",1153,78,6.76,16.4925672961029,-9.73256729610285
"351","Franklin","Overall Pool","American Indian/Alaskan Native",1153,4,0.35,0.291281639212535,0.0587183607874648
"361","Fremont","Overall Pool","American Indian/Alaskan Native",1758,5,0.28,0.0767577525330058,0.203242247466994
"361","Fremont","Overall Pool","Native Hawaiian/Pacific Islander",1758,1,0.06,0,0.06
"361","Fremont","Overall Pool","Asian",1758,8,0.46,0.153515505066012,0.306484494933988
"361","Fremont","Overall Pool","White",1758,1698,96.59,91.4184832668099,5.17151673319006
"361","Fremont","Overall Pool","Black/African American",1758,11,0.63,0.598710469757445,0.0312895302425545
"361","Fremont","Overall Pool","HLSO Ethnicity",1758,40,2.28,3.36198956094566,-1.08198956094566
"361","Fremont","Overall Pool","Multiracial",1758,13,0.74,6.90819772797053,-6.16819772797052
"371","Greene","Overall Pool","Black/African American",1858,3,0.16,0.115101289134438,0.0448987108655617
"371","Greene","Overall Pool","Asian",1858,9,0.48,0.633057090239411,-0.153057090239411
"371","Greene","Overall Pool","White",1858,1814,97.63,92.2997237569061,5.33027624309392
"371","Greene","Overall Pool","Native Hawaiian/Pacific Islander",1858,3,0.16,0,0.16
"371","Greene","Overall Pool","Multiracial",1858,10,0.54,4.84576427255985,-4.30576427255985
"371","Greene","Overall Pool","HLSO Ethnicity",1858,36,1.94,3.53360957642726,-1.59360957642726
"371","Greene","Overall Pool","American Indian/Alaskan Native",1858,8,0.43,0.264732965009208,0.165267034990792
"381","Grundy","Overall Pool","White",1109,1086,97.93,94.8724160206718,3.05758397932817
"381","Grundy","Overall Pool","HLSO Ethnicity",1109,9,0.81,1.76841085271318,-0.958410852713178
"381","Grundy","Overall Pool","American Indian/Alaskan Native",1109,0,0,0.468346253229974,-0.468346253229974
"381","Grundy","Overall Pool","Multiracial",1109,10,0.9,1.84108527131783,-0.94108527131783
"381","Grundy","Overall Pool","Native Hawaiian/Pacific Islander",1109,2,0.18,0,0.18
"381","Grundy","Overall Pool","Black/African American",1109,3,0.27,0.573320413436692,-0.303320413436692
"381","Grundy","Overall Pool","Asian",1109,3,0.27,0.476421188630491,-0.206421188630491
"391","Guthrie","Overall Pool","Native Hawaiian/Pacific Islander",1036,0,0,0.252619760479042,-0.252619760479042
"391","Guthrie","Overall Pool","White",1036,998,96.33,92.440119760479,3.88988023952095
"391","Guthrie","Overall Pool","HLSO Ethnicity",1036,17,1.64,3.09693113772455,-1.45693113772455
"391","Guthrie","Overall Pool","Black/African American",1036,5,0.48,0.561377245508982,-0.0813772455089821
"391","Guthrie","Overall Pool","Asian",1036,4,0.39,0.467814371257485,-0.077814371257485
"391","Guthrie","Overall Pool","American Indian/Alaskan Native",1036,2,0.19,0.140344311377246,0.0496556886227545
"391","Guthrie","Overall Pool","Multiracial",1036,6,0.58,4.08869760479042,-3.50869760479042
"401","Hamilton","Overall Pool","Native Hawaiian/Pacific Islander",765,0,0,0.141072148327287,-0.141072148327287
"401","Hamilton","Overall Pool","White",765,719,93.99,83.776702942362,10.213297057638
"401","Hamilton","Overall Pool","American Indian/Alaskan Native",765,2,0.26,0.329168346097004,-0.0691683460970039
"401","Hamilton","Overall Pool","Asian",765,13,1.7,2.27058981593443,-0.570589815934435
"401","Hamilton","Overall Pool","Black/African American",765,2,0.26,0.967351874244256,-0.707351874244256
"401","Hamilton","Overall Pool","Multiracial",765,6,0.78,7.50369474674191,-6.7236947467419
"401","Hamilton","Overall Pool","HLSO Ethnicity",765,41,5.36,10.1437592368669,-4.78375923686685
"411","Hancock","Overall Pool","HLSO Ethnicity",981,26,2.65,5.95070752506794,-3.30070752506794
"411","Hancock","Overall Pool","White",981,946,96.43,90.1321338206354,6.29786617936465
"411","Hancock","Overall Pool","Black/African American",981,2,0.2,0.449817261737419,-0.249817261737419
"411","Hancock","Overall Pool","Asian",981,1,0.1,1.24636866273077,-1.14636866273077
"411","Hancock","Overall Pool","American Indian/Alaskan Native",981,6,0.61,0.103083122481492,0.506916877518508
"411","Hancock","Overall Pool","Native Hawaiian/Pacific Islander",981,1,0.1,0,0.1
"411","Hancock","Overall Pool","Multiracial",981,6,0.61,3.55168212913504,-2.94168212913504
"421","Hardin","Overall Pool","White",742,707,95.28,90.0534887913937,5.2265112086063
"421","Hardin","Overall Pool","Native Hawaiian/Pacific Islander",742,0,0,0,0
"421","Hardin","Overall Pool","American Indian/Alaskan Native",742,3,0.4,0.913516437285895,-0.513516437285895
"421","Hardin","Overall Pool","HLSO Ethnicity",742,23,3.1,5.47508864715428,-2.37508864715428
"421","Hardin","Overall Pool","Multiracial",742,5,0.67,3.39563675701665,-2.72563675701665
"421","Hardin","Overall Pool","Black/African American",742,3,0.4,1.08179578099645,-0.681795780996454
"421","Hardin","Overall Pool","Asian",742,8,1.08,0.89548650760262,0.18451349239738
"431","Harrison","Overall Pool","Native Hawaiian/Pacific Islander",1541,1,0.06,0,0.06
"431","Harrison","Overall Pool","American Indian/Alaskan Native",1541,6,0.39,0.0615090213231274,0.328490978676873
"431","Harrison","Overall Pool","Asian",1541,6,0.39,0.293876435210498,0.0961235647895025
"431","Harrison","Overall Pool","Black/African American",1541,4,0.26,0.123018042646255,0.136981957353745
"431","Harrison","Overall Pool","White",1541,1503,97.53,94.4026790595954,3.12732094040459
"431","Harrison","Overall Pool","Multiracial",1541,9,0.58,4.01175505740842,-3.43175505740842
"431","Harrison","Overall Pool","HLSO Ethnicity",1541,29,1.88,2.24166211044286,-0.361662110442865
"441","Henry","Overall Pool","Native Hawaiian/Pacific Islander",894,0,0,0.0349930013997201,-0.0349930013997201
"441","Henry","Overall Pool","White",894,835,93.4,86.2077584483103,7.19224155168968
"441","Henry","Overall Pool","Asian",894,11,1.23,1.0247950409918,0.205204959008198
"441","Henry","Overall Pool","American Indian/Alaskan Native",894,3,0.34,0.529894021195761,-0.189894021195761
"441","Henry","Overall Pool","Black/African American",894,11,1.23,2.5494901019796,-1.3194901019796
"441","Henry","Overall Pool","Multiracial",894,13,1.45,5.79884023195361,-4.34884023195361
"441","Henry","Overall Pool","HLSO Ethnicity",894,32,3.58,5.54389122175565,-1.96389122175565
"451","Howard","Overall Pool","White",1013,982,96.94,92.9804129168872,3.95958708311275
"451","Howard","Overall Pool","Black/African American",1013,6,0.59,0.836421386977237,-0.246421386977237
"451","Howard","Overall Pool","Multiracial",1013,3,0.3,3.57861302276337,-3.27861302276337
"451","Howard","Overall Pool","HLSO Ethnicity",1013,17,1.68,3.30333509793542,-1.62333509793542
"451","Howard","Overall Pool","Asian",1013,8,0.79,0.328215987294865,0.461784012705135
"451","Howard","Overall Pool","American Indian/Alaskan Native",1013,2,0.2,0.243515087347803,-0.0435150873478031
"451","Howard","Overall Pool","Native Hawaiian/Pacific Islander",1013,1,0.1,0,0.1
"461","Humboldt","Overall Pool","Black/African American",933,7,0.75,0.333646126576999,0.416353873423001
"461","Humboldt","Overall Pool","American Indian/Alaskan Native",933,0,0,0.1668230632885,-0.1668230632885
"461","Humboldt","Overall Pool","Asian",933,7,0.75,1.02179126264206,-0.27179126264206
"461","Humboldt","Overall Pool","Native Hawaiian/Pacific Islander",933,1,0.11,0.729850901887186,-0.619850901887186
"461","Humboldt","Overall Pool","White",933,893,95.71,90.3659680950891,5.34403190491085
"461","Humboldt","Overall Pool","Multiracial",933,8,0.86,3.74309248253571,-2.88309248253571
"461","Humboldt","Overall Pool","HLSO Ethnicity",933,22,2.36,5.74496924199771,-3.38496924199771
"471","Ida","Overall Pool","American Indian/Alaskan Native",1010,1,0.1,0.463029952250036,-0.363029952250036
"471","Ida","Overall Pool","Multiracial",1010,9,0.89,4.60136015048473,-3.71136015048473
"471","Ida","Overall Pool","White",1010,986,97.62,91.5062943134134,6.11370568658661
"471","Ida","Overall Pool","Black/African American",1010,1,0.1,0.332802778179714,-0.232802778179714
"471","Ida","Overall Pool","Native Hawaiian/Pacific Islander",1010,1,0.1,0,0.1
"471","Ida","Overall Pool","Asian",1010,0,0,0.665605556359427,-0.665605556359427
"471","Ida","Overall Pool","HLSO Ethnicity",1010,26,2.57,4.1383301982347,-1.5683301982347
"481","Iowa","Overall Pool","Black/African American",1479,8,0.54,0.327133943175622,0.212866056824378
"481","Iowa","Overall Pool","Asian",1479,3,0.2,0.24232143938935,-0.04232143938935
"481","Iowa","Overall Pool","Native Hawaiian/Pacific Islander",1479,0,0,0,0
"481","Iowa","Overall Pool","Multiracial",1479,17,1.15,4.07100018174108,-2.92100018174108
"481","Iowa","Overall Pool","White",1479,1429,96.62,92.5062094868843,4.11379051311566
"481","Iowa","Overall Pool","HLSO Ethnicity",1479,26,1.76,3.41673229538983,-1.65673229538983
"481","Iowa","Overall Pool","American Indian/Alaskan Native",1479,5,0.34,0.0908705397710062,0.249129460228994
"491","Jackson","Overall Pool","Native Hawaiian/Pacific Islander",2251,8,0.36,0.464156781846313,-0.104156781846313
"491","Jackson","Overall Pool","Asian",2251,7,0.31,0.113460546673543,0.196539453326457
"491","Jackson","Overall Pool","Black/African American",2251,13,0.58,0.974729241877256,-0.394729241877256
"491","Jackson","Overall Pool","Multiracial",2251,20,0.89,2.68695203713254,-1.79695203713254
"491","Jackson","Overall Pool","HLSO Ethnicity",2251,24,1.07,1.57813305827746,-0.508133058277463
"491","Jackson","Overall Pool","White",2251,2186,97.11,93.6462093862816,3.46379061371842
"491","Jackson","Overall Pool","American Indian/Alaskan Native",2251,6,0.27,0.0670448684889118,0.202955131511088
"501","Jasper","Overall Pool","Multiracial",2233,18,0.81,4.22616851978711,-3.41616851978711
"501","Jasper","Overall Pool","HLSO Ethnicity",2233,43,1.93,3.10112241134004,-1.17112241134004
"501","Jasper","Overall Pool","Native Hawaiian/Pacific Islander",2233,3,0.13,0.171259946250725,-0.0412599462507245
"501","Jasper","Overall Pool","White",2233,2138,95.75,90.7519629024609,4.99803709753913
"501","Jasper","Overall Pool","American Indian/Alaskan Native",2233,7,0.31,0.0843125889234336,0.225687411076566
"501","Jasper","Overall Pool","Asian",2233,18,0.81,0.740369921483902,0.0696300785160985
"501","Jasper","Overall Pool","Black/African American",2233,19,0.85,1.53606997944881,-0.686069979448806
"511","Jefferson","Overall Pool","Native Hawaiian/Pacific Islander",742,1,0.13,0,0.13
"511","Jefferson","Overall Pool","White",742,696,93.8,82.4005093919134,11.3994906080866
"511","Jefferson","Overall Pool","Black/African American",742,9,1.21,2.54059216809933,-1.33059216809933
"511","Jefferson","Overall Pool","Multiracial",742,6,0.81,3.45749761222541,-2.64749761222541
"511","Jefferson","Overall Pool","HLSO Ethnicity",742,17,2.29,4.10060490289717,-1.81060490289717
"511","Jefferson","Overall Pool","Asian",742,15,2.02,8.18210760904171,-6.16210760904171
"511","Jefferson","Overall Pool","American Indian/Alaskan Native",742,1,0.13,0.783190066857689,-0.653190066857689
"521","Johnson","Overall Pool","Asian",6083,303,4.98,5.64929551388862,-0.669295513888622
"521","Johnson","Overall Pool","Black/African American",6083,449,7.38,7.6985935814197,-0.318593581419698
"521","Johnson","Overall Pool","Multiracial",6083,110,1.81,7.7222147740984,-5.9122147740984
"521","Johnson","Overall Pool","Native Hawaiian/Pacific Islander",6083,6,0.1,0.0197907290010789,0.0802092709989211
"521","Johnson","Overall Pool","White",6083,5004,82.26,74.8159781408206,7.44402185917939
"521","Johnson","Overall Pool","American Indian/Alaskan Native",6083,14,0.23,0.174286097332082,0.055713902667918
"521","Johnson","Overall Pool","HLSO Ethnicity",6083,326,5.36,6.73778560894796,-1.37778560894796
"531","Jones","Overall Pool","Multiracial",1573,14,0.89,3.96726646248086,-3.07726646248086
"531","Jones","Overall Pool","Native Hawaiian/Pacific Islander",1573,0,0,0,0
"531","Jones","Overall Pool","Black/African American",1573,5,0.32,2.45980091883614,-2.13980091883614
"531","Jones","Overall Pool","Asian",1573,3,0.19,0.612557427258806,-0.422557427258806
"531","Jones","Overall Pool","HLSO Ethnicity",1573,30,1.91,2.59858346094946,-0.688583460949464
"531","Jones","Overall Pool","White",1573,1528,97.14,91.5294793261868,5.61052067381317
"531","Jones","Overall Pool","American Indian/Alaskan Native",1573,4,0.25,0.0813552833078101,0.16864471669219
"541","Keokuk","Overall Pool","HLSO Ethnicity",1414,19,1.34,2.347843611447,-1.007843611447
"541","Keokuk","Overall Pool","Multiracial",1414,7,0.5,3.21442966545748,-2.71442966545748
"541","Keokuk","Overall Pool","Asian",1414,4,0.28,0.201531640467553,0.0784683595324466
"541","Keokuk","Overall Pool","White",1414,1384,97.88,94.5888754534462,3.2911245465538
"541","Keokuk","Overall Pool","Native Hawaiian/Pacific Islander",1414,0,0,0,0
"541","Keokuk","Overall Pool","Black/African American",1414,5,0.35,0.261991132607819,0.0880088673921806
"541","Keokuk","Overall Pool","American Indian/Alaskan Native",1414,2,0.14,0.090689238210399,0.049310761789601
"551","Kossuth","Overall Pool","American Indian/Alaskan Native",1602,5,0.31,0.130890052356021,0.179109947643979
"551","Kossuth","Overall Pool","Multiracial",1602,12,0.75,4.46403968035271,-3.71403968035271
"551","Kossuth","Overall Pool","Black/African American",1602,6,0.37,0.716450812896115,-0.346450812896115
"551","Kossuth","Overall Pool","Asian",1602,7,0.44,0.413337007440066,0.0266629925599338
"551","Kossuth","Overall Pool","HLSO Ethnicity",1602,48,3,4.50537338109672,-1.50537338109672
"551","Kossuth","Overall Pool","White",1602,1549,96.69,91.7263709010747,4.96362909892532
"551","Kossuth","Overall Pool","Native Hawaiian/Pacific Islander",1602,0,0,0.0551116009920088,-0.0551116009920088
"561","Lee","Overall Pool","HLSO Ethnicity",1492,23,1.54,3.48098379594443,-1.94098379594443
"562","Lee","Overall Pool","HLSO Ethnicity",1553,48,3.09,3.48098379594443,-0.390983795944426
"562","Lee","Overall Pool","Multiracial",1553,14,0.9,4.66968655945034,-3.76968655945034
"561","Lee","Overall Pool","Multiracial",1492,26,1.74,4.66968655945034,-2.92968655945034
"562","Lee","Overall Pool","Black/African American",1553,36,2.32,2.47773082418752,-0.157730824187517
"561","Lee","Overall Pool","Black/African American",1492,58,3.89,2.47773082418752,1.41226917581248
"561","Lee","Overall Pool","Asian",1492,6,0.4,0.562429696287964,-0.162429696287964
"562","Lee","Overall Pool","Asian",1553,2,0.13,0.562429696287964,-0.432429696287964
"562","Lee","Overall Pool","White",1553,1469,94.59,90.2806068160399,4.30939318396011
"561","Lee","Overall Pool","White",1492,1382,92.63,90.2806068160399,2.3493931839601
"561","Lee","Overall Pool","American Indian/Alaskan Native",1492,3,0.2,0.106405618216642,0.0935943817833582
"562","Lee","Overall Pool","American Indian/Alaskan Native",1553,2,0.13,0.106405618216642,0.0235943817833582
"561","Lee","Overall Pool","Native Hawaiian/Pacific Islander",1492,0,0,0.0638433709299851,-0.0638433709299851
"562","Lee","Overall Pool","Native Hawaiian/Pacific Islander",1553,0,0,0.0638433709299851,-0.0638433709299851
"571","Linn","Overall Pool","Multiracial",17696,310,1.75,6.53119076189979,-4.78119076189979
"571","Linn","Overall Pool","HLSO Ethnicity",17696,538,3.04,4.12253699935653,-1.08253699935653
"571","Linn","Overall Pool","White",17696,15665,88.52,82.3503069511835,6.16969304881654
"571","Linn","Overall Pool","Native Hawaiian/Pacific Islander",17696,32,0.18,0.0230430775116954,0.156956922488305
"571","Linn","Overall Pool","Black/African American",17696,947,5.35,5.97163527590824,-0.621635275908245
"571","Linn","Overall Pool","American Indian/Alaskan Native",17696,51,0.29,0.220430949026973,0.0695690509730265
"571","Linn","Overall Pool","Asian",17696,363,2.05,2.3930018608372,-0.343001860837203
"581","Louisa","Overall Pool","Black/African American",939,3,0.32,1.03015545982394,-0.710155459823937
"581","Louisa","Overall Pool","American Indian/Alaskan Native",939,0,0,0.627458325529125,-0.627458325529125
"581","Louisa","Overall Pool","Multiracial",939,11,1.17,8.03521258662671,-6.86521258662671
"581","Louisa","Overall Pool","HLSO Ethnicity",939,92,9.8,16.4262970593744,-6.62629705937441
"581","Louisa","Overall Pool","Asian",939,9,0.96,2.16332646563027,-1.20332646563027
"581","Louisa","Overall Pool","White",939,844,89.88,76.9807079977524,12.8992920022476
"581","Louisa","Overall Pool","Native Hawaiian/Pacific Islander",939,1,0.11,0,0.11
"591","Lucas","Overall Pool","American Indian/Alaskan Native",519,0,0,0.0114731528223956,-0.0114731528223956
"591","Lucas","Overall Pool","Native Hawaiian/Pacific Islander",519,0,0,0,0
"591","Lucas","Overall Pool","Asian",519,1,0.19,0.837540156034878,-0.647540156034878
"591","Lucas","Overall Pool","White",519,505,97.3,93.9880679210647,3.31193207893529
"591","Lucas","Overall Pool","HLSO Ethnicity",519,10,1.93,2.92565396971088,-0.995653969710877
"591","Lucas","Overall Pool","Multiracial",519,6,1.16,2.68471776044057,-1.52471776044057
"591","Lucas","Overall Pool","Black/African American",519,2,0.39,0.28682882055989,0.10317117944011
"601","Lyon","Overall Pool","Native Hawaiian/Pacific Islander",1394,1,0.07,0.0328893274132544,0.0371106725867456
"601","Lyon","Overall Pool","American Indian/Alaskan Native",1394,1,0.07,0.156224305212958,-0.0862243052129584
"601","Lyon","Overall Pool","Asian",1394,2,0.14,0.485117579345502,-0.345117579345502
"601","Lyon","Overall Pool","HLSO Ethnicity",1394,32,2.3,3.86449597105739,-1.56449597105739
"601","Lyon","Overall Pool","Multiracial",1394,13,0.93,4.07005426739023,-3.14005426739023
"601","Lyon","Overall Pool","Black/African American",1394,2,0.14,0.353560269692485,-0.213560269692485
"601","Lyon","Overall Pool","White",1394,1359,97.49,93.3728005262292,4.11719947377075
"611","Madison","Overall Pool","Black/African American",1465,4,0.27,0.880302493205719,-0.610302493205719
"611","Madison","Overall Pool","Asian",1465,9,0.61,0.449013352239159,0.160986647760841
"611","Madison","Overall Pool","American Indian/Alaskan Native",1465,2,0.14,0.0945291267871913,0.0454708732128087
"611","Madison","Overall Pool","White",1465,1433,97.82,94.2514474772539,3.56855252274607
"611","Madison","Overall Pool","Native Hawaiian/Pacific Islander",1465,0,0,0.0472645633935957,-0.0472645633935957
"611","Madison","Overall Pool","HLSO Ethnicity",1465,20,1.37,2.26279097246839,-0.892790972468392
"611","Madison","Overall Pool","Multiracial",1465,5,0.34,2.97766749379653,-2.63766749379653
"621","Mahaska","Overall Pool","HLSO Ethnicity",1650,22,1.33,2.49761591208392,-1.16761591208392
"621","Mahaska","Overall Pool","Black/African American",1650,13,0.79,1.33054811316471,-0.540548113164706
"621","Mahaska","Overall Pool","Asian",1650,7,0.42,1.03991644339494,-0.619916443394941
"621","Mahaska","Overall Pool","American Indian/Alaskan Native",1650,2,0.12,0.0817401571227465,0.0382598428772535
"621","Mahaska","Overall Pool","White",1650,1599,96.91,91.5535170973162,5.35648290268381
"621","Mahaska","Overall Pool","Multiracial",1650,16,0.97,4.33676944734572,-3.36676944734572
"621","Mahaska","Overall Pool","Native Hawaiian/Pacific Islander",1650,0,0,0.295172789609918,-0.295172789609918
"631","Marion","Overall Pool","Native Hawaiian/Pacific Islander",1690,3,0.18,0,0.18
"631","Marion","Overall Pool","White",1690,1614,95.5,93.3149039890613,2.18509601093871
"631","Marion","Overall Pool","American Indian/Alaskan Native",1690,10,0.59,0.0356696985910469,0.554330301408953
"631","Marion","Overall Pool","Asian",1690,20,1.18,1.40598061946377,-0.225980619463766
"631","Marion","Overall Pool","HLSO Ethnicity",1690,32,1.89,2.29772308423994,-0.407723084239938
"631","Marion","Overall Pool","Black/African American",1690,11,0.65,0.419118958444801,0.230881041555199
"631","Marion","Overall Pool","Multiracial",1690,13,0.77,3.08840140300814,-2.31840140300814
"641","Marshall","Overall Pool","Multiracial",5162,65,1.26,13.7433315052102,-12.4833315052102
"641","Marshall","Overall Pool","HLSO Ethnicity",5162,795,15.4,24.6173405793489,-9.21734057934886
"641","Marshall","Overall Pool","Black/African American",5162,81,1.57,2.05414568479832,-0.484145684798325
"641","Marshall","Overall Pool","White",5162,4277,82.86,65.9645011716608,16.8954988283392
"641","Marshall","Overall Pool","American Indian/Alaskan Native",5162,31,0.6,1.26140499576208,-0.661404995762078
"641","Marshall","Overall Pool","Asian",5162,139,2.69,4.11826295059082,-1.42826295059082
"641","Marshall","Overall Pool","Native Hawaiian/Pacific Islander",5162,13,0.25,0,0.25
"651","Mills","Overall Pool","Native Hawaiian/Pacific Islander",2033,4,0.2,0,0.2
"651","Mills","Overall Pool","Black/African American",2033,8,0.39,0.404997254255903,-0.0149972542559033
"651","Mills","Overall Pool","White",2033,1955,96.16,92.6894563426689,3.47054365733113
"651","Mills","Overall Pool","American Indian/Alaskan Native",2033,5,0.25,0.109829763866008,0.140170236133992
"651","Mills","Overall Pool","Multiracial",2033,16,0.79,5.10708401976936,-4.31708401976936
"651","Mills","Overall Pool","Asian",2033,14,0.69,0.562877539813289,0.127122460186711
"651","Mills","Overall Pool","HLSO Ethnicity",2033,60,2.95,3.86463481603515,-0.914634816035146
"661","Mitchell","Overall Pool","American Indian/Alaskan Native",860,3,0.35,0.321513002364066,0.0284869976359338
"661","Mitchell","Overall Pool","White",860,844,98.14,95.1394799054374,3.00052009456265
"661","Mitchell","Overall Pool","Asian",860,1,0.12,0.605200945626478,-0.485200945626478
"661","Mitchell","Overall Pool","Multiracial",860,4,0.47,1.8628841607565,-1.3928841607565
"661","Mitchell","Overall Pool","HLSO Ethnicity",860,15,1.74,2.43026004728132,-0.690260047281324
"661","Mitchell","Overall Pool","Native Hawaiian/Pacific Islander",860,0,0,0,0
"661","Mitchell","Overall Pool","Black/African American",860,2,0.23,0.349881796690307,-0.119881796690307
"671","Monona","Overall Pool","White",1940,1856,95.67,92.836274395232,2.83372560476802
"671","Monona","Overall Pool","American Indian/Alaskan Native",1940,18,0.93,0.467453546803786,0.462546453196214
"671","Monona","Overall Pool","Black/African American",1940,21,1.08,0.245413112071988,0.834586887928012
"671","Monona","Overall Pool","HLSO Ethnicity",1940,28,1.44,2.72291691013206,-1.28291691013206
"671","Monona","Overall Pool","Multiracial",1940,16,0.82,5.80811031903705,-4.98811031903705
"671","Monona","Overall Pool","Asian",1940,11,0.57,0,0.57
"671","Monona","Overall Pool","Native Hawaiian/Pacific Islander",1940,1,0.05,0,0.05
"681","Monroe","Overall Pool","American Indian/Alaskan Native",707,4,0.57,0.146412884333821,0.423587115666179
"681","Monroe","Overall Pool","Asian",707,3,0.42,0.465859177425795,-0.0458591774257953
"681","Monroe","Overall Pool","HLSO Ethnicity",707,9,1.27,2.07640090509783,-0.80640090509783
"681","Monroe","Overall Pool","Multiracial",707,2,0.28,2.80846532676694,-2.52846532676694
"681","Monroe","Overall Pool","Black/African American",707,2,0.28,1.1979235990949,-0.917923599094902
"681","Monroe","Overall Pool","White",707,693,98.02,94.7823772128311,3.2376227871689
"681","Monroe","Overall Pool","Native Hawaiian/Pacific Islander",707,0,0,0.0399307866364967,-0.0399307866364967
"691","Montgomery","Overall Pool","Multiracial",1452,9,0.62,3.29939299001371,-2.67939299001371
"691","Montgomery","Overall Pool","White",1452,1395,96.07,91.9522224397885,4.11777756021147
"691","Montgomery","Overall Pool","Black/African American",1452,9,0.62,1.80144899158018,-1.18144899158018
"691","Montgomery","Overall Pool","Asian",1452,4,0.28,1.06716271783826,-0.787162717838261
"691","Montgomery","Overall Pool","HLSO Ethnicity",1452,30,2.07,0.802819659291169,1.26718034070883
"691","Montgomery","Overall Pool","Native Hawaiian/Pacific Islander",1452,1,0.07,0.362247895046015,-0.292247895046015
"691","Montgomery","Overall Pool","American Indian/Alaskan Native",1452,9,0.62,0.0587429018993538,0.561257098100646
"701","Muscatine","Overall Pool","Asian",11980,112,0.93,0.639112761108109,0.290887238891891
"701","Muscatine","Overall Pool","American Indian/Alaskan Native",11980,42,0.35,0.319556380554054,0.0304436194459456
"701","Muscatine","Overall Pool","Black/African American",11980,219,1.83,2.25099273949106,-0.42099273949106
"701","Muscatine","Overall Pool","White",11980,10383,86.67,74.9735661082262,11.6964338917738
"701","Muscatine","Overall Pool","HLSO Ethnicity",11980,1497,12.5,18.8091825465824,-6.30918254658239
"701","Muscatine","Overall Pool","Multiracial",11980,207,1.73,8.00065791019526,-6.27065791019526
"701","Muscatine","Overall Pool","Native Hawaiian/Pacific Islander",11980,13,0.11,0,0.11
"711","O'Brien","Overall Pool","HLSO Ethnicity",1685,70,4.15,7.60300155741187,-3.45300155741186
"711","O'Brien","Overall Pool","Asian",1685,14,0.83,0.651281325215914,0.178718674784086
"711","O'Brien","Overall Pool","White",1685,1600,94.96,86.9885317853603,7.97146821463967
"711","O'Brien","Overall Pool","Native Hawaiian/Pacific Islander",1685,5,0.3,0.155741186464675,0.144258813535325
"711","O'Brien","Overall Pool","American Indian/Alaskan Native",1685,5,0.3,0.389352966161688,-0.0893529661616876
"711","O'Brien","Overall Pool","Multiracial",1685,14,0.83,6.17301429987258,-5.34301429987258
"711","O'Brien","Overall Pool","Black/African American",1685,4,0.24,1.69899476143282,-1.45899476143282
"721","Osceola","Overall Pool","Black/African American",1371,2,0.15,0.475409836065574,-0.325409836065574
"721","Osceola","Overall Pool","American Indian/Alaskan Native",1371,6,0.44,1.0655737704918,-0.625573770491803
"721","Osceola","Overall Pool","Native Hawaiian/Pacific Islander",1371,1,0.07,0,0.07
"721","Osceola","Overall Pool","HLSO Ethnicity",1371,68,4.96,10.6065573770492,-5.64655737704918
"721","Osceola","Overall Pool","Asian",1371,9,0.66,0.573770491803279,0.0862295081967214
"721","Osceola","Overall Pool","White",1371,1309,95.48,84.0327868852459,11.4472131147541
"721","Osceola","Overall Pool","Multiracial",1371,3,0.22,10.1475409836066,-9.92754098360656
"731","Page","Overall Pool","Asian",1751,14,0.8,0.654285903112815,0.145714096887185
"731","Page","Overall Pool","HLSO Ethnicity",1751,44,2.51,3.33751900072698,-0.827519000726984
"731","Page","Overall Pool","Multiracial",1751,20,1.14,4.77826977727844,-3.63826977727844
"731","Page","Overall Pool","White",1751,1680,95.95,90.2914546295684,5.65854537043157
"731","Page","Overall Pool","Native Hawaiian/Pacific Islander",1751,0,0,0.0132178970325821,-0.0132178970325821
"731","Page","Overall Pool","American Indian/Alaskan Native",1751,5,0.29,0.548542726852158,-0.258542726852158
"731","Page","Overall Pool","Black/African American",1751,6,0.34,1.71171766571938,-1.37171766571938
"741","Palo Alto","Overall Pool","American Indian/Alaskan Native",1652,2,0.12,0.236940088006318,-0.116940088006318
"741","Palo Alto","Overall Pool","Native Hawaiian/Pacific Islander",1652,0,0,0,0
"741","Palo Alto","Overall Pool","Asian",1652,7,0.42,0.64312309601715,-0.22312309601715
"741","Palo Alto","Overall Pool","Black/African American",1652,14,0.85,1.63601489337696,-0.786014893376961
"741","Palo Alto","Overall Pool","White",1652,1595,96.55,91.2557824664335,5.29421753356651
"741","Palo Alto","Overall Pool","HLSO Ethnicity",1652,42,2.54,3.50896987476024,-0.968969874760239
"741","Palo Alto","Overall Pool","Multiracial",1652,16,0.97,4.50186167212005,-3.53186167212005
"751","Plymouth","Overall Pool","White",2769,2609,94.22,88.0257894123587,6.19421058764128
"751","Plymouth","Overall Pool","Black/African American",2769,27,0.98,2.38862780129724,-1.40862780129724
"751","Plymouth","Overall Pool","Multiracial",2769,30,1.08,4.74618402143939,-3.66618402143939
"751","Plymouth","Overall Pool","HLSO Ethnicity",2769,129,4.66,6.42016545616965,-1.76016545616965
"751","Plymouth","Overall Pool","Asian",2769,21,0.76,0.524332931992077,0.235667068007923
"751","Plymouth","Overall Pool","American Indian/Alaskan Native",2769,8,0.29,0.427234240882433,-0.137234240882433
"751","Plymouth","Overall Pool","Native Hawaiian/Pacific Islander",2769,10,0.36,0.435002136171204,-0.0750021361712044
"761","Pocahontas","Overall Pool","Black/African American",765,3,0.39,1.29151291512915,-0.901512915129151
"761","Pocahontas","Overall Pool","Asian",765,2,0.26,0.170309395401646,0.0896906045983537
"761","Pocahontas","Overall Pool","HLSO Ethnicity",765,24,3.14,5.84728924212319,-2.70728924212319
"761","Pocahontas","Overall Pool","American Indian/Alaskan Native",765,2,0.26,0.241271643485666,0.0187283565143344
"761","Pocahontas","Overall Pool","Native Hawaiian/Pacific Islander",765,4,0.52,0.780584728924212,-0.260584728924212
"761","Pocahontas","Overall Pool","White",765,734,95.95,88.5892705080897,7.36072949191031
"761","Pocahontas","Overall Pool","Multiracial",765,4,0.52,5.35055350553506,-4.83055350553506
"771","Polk","Overall Pool","White",19037,15723,82.59,73.1574501912853,9.43254980871467
"771","Polk","Overall Pool","Native Hawaiian/Pacific Islander",19037,25,0.13,0.0472996472400258,0.0827003527599742
"771","Polk","Overall Pool","Multiracial",19037,355,1.86,7.73687086997566,-5.87687086997566
"771","Polk","Overall Pool","HLSO Ethnicity",19037,1323,6.95,10.3973766582203,-3.4473766582203
"771","Polk","Overall Pool","Asian",19037,905,4.75,4.97898345506037,-0.228983455060367
"771","Polk","Overall Pool","American Indian/Alaskan Native",19037,55,0.29,0.310428777264371,-0.0204287772643712
"771","Polk","Overall Pool","Black/African American",19037,1251,6.57,7.43300044716053,-0.863000447160529
"781","Pottawattamie","Overall Pool","Native Hawaiian/Pacific Islander",11686,15,0.13,0.174473368727522,-0.0444733687275218
"781","Pottawattamie","Overall Pool","White",11686,10761,92.08,84.5478677855797,7.53213221442027
"781","Pottawattamie","Overall Pool","Black/African American",11686,176,1.51,1.93740366501113,-0.427403665011132
"781","Pottawattamie","Overall Pool","American Indian/Alaskan Native",11686,41,0.35,0.270808357595479,0.0791916424045213
"781","Pottawattamie","Overall Pool","Asian",11686,82,0.7,0.887352286350403,-0.187352286350403
"781","Pottawattamie","Overall Pool","HLSO Ethnicity",11686,612,5.24,9.13683849974311,-3.89683849974311
"781","Pottawattamie","Overall Pool","Multiracial",11686,189,1.62,6.98428669292687,-5.36428669292687
"791","Poweshiek","Overall Pool","White",1492,1414,94.77,89.7977891614991,4.97221083850094
"791","Poweshiek","Overall Pool","HLSO Ethnicity",1492,44,2.95,3.54273389053653,-0.592733890536532
"791","Poweshiek","Overall Pool","Asian",1492,17,1.14,2.0490698301429,-0.909069830142896
"791","Poweshiek","Overall Pool","Black/African American",1492,10,0.67,1.04071178215152,-0.370711782151523
"791","Poweshiek","Overall Pool","Multiracial",1492,16,1.07,5.26826637907792,-4.19826637907792
"791","Poweshiek","Overall Pool","Native Hawaiian/Pacific Islander",1492,0,0,0,0
"791","Poweshiek","Overall Pool","American Indian/Alaskan Native",1492,3,0.2,0.301968185494743,-0.101968185494743
"801","Ringgold","Overall Pool","White",544,531,97.61,94.6609257265877,2.94907427341226
"801","Ringgold","Overall Pool","Black/African American",544,0,0,0.38751345532831,-0.38751345532831
"801","Ringgold","Overall Pool","Native Hawaiian/Pacific Islander",544,2,0.37,0,0.37
"801","Ringgold","Overall Pool","American Indian/Alaskan Native",544,0,0,0.344456404736276,-0.344456404736276
"801","Ringgold","Overall Pool","Asian",544,2,0.37,0,0.37
"801","Ringgold","Overall Pool","Multiracial",544,2,0.37,2.97093649085038,-2.60093649085038
"801","Ringgold","Overall Pool","HLSO Ethnicity",544,4,0.74,2.15285252960172,-1.41285252960172
"811","Sac","Overall Pool","American Indian/Alaskan Native",745,0,0,0.0825678604603158,-0.0825678604603158
"811","Sac","Overall Pool","White",745,718,96.38,91.8464237795438,4.53357622045618
"811","Sac","Overall Pool","Multiracial",745,6,0.81,3.88068944163484,-3.07068944163484
"811","Sac","Overall Pool","Asian",745,8,1.07,0.650221901124987,0.419778098875013
"811","Sac","Overall Pool","Black/African American",745,2,0.27,0.505728145319434,-0.235728145319434
"811","Sac","Overall Pool","HLSO Ethnicity",745,22,2.95,4.35545463928166,-1.40545463928166
"811","Sac","Overall Pool","Native Hawaiian/Pacific Islander",745,1,0.13,0.175456703478171,-0.0454567034781711
"821","Scott","Overall Pool","White",21066,17481,82.98,77.0285439384221,5.95145606157794
"821","Scott","Overall Pool","Black/African American",21066,1704,8.09,7.22590030239164,0.864099697608357
"821","Scott","Overall Pool","Multiracial",21066,515,2.44,8.57807202419133,-6.13807202419133
"821","Scott","Overall Pool","HLSO Ethnicity",21066,1179,5.6,7.38912306423532,-1.78912306423532
"821","Scott","Overall Pool","Asian",21066,633,3,2.85954824521213,0.140451754787868
"821","Scott","Overall Pool","American Indian/Alaskan Native",21066,97,0.46,0.190140199761752,0.269859800238248
"821","Scott","Overall Pool","Native Hawaiian/Pacific Islander",21066,23,0.11,0.0526894529460277,0.0573105470539723
"831","Shelby","Overall Pool","HLSO Ethnicity",1182,39,3.3,4.3980302258448,-1.0980302258448
"831","Shelby","Overall Pool","Black/African American",1182,5,0.42,0.314145016131771,0.105854983868229
"831","Shelby","Overall Pool","White",1182,1145,96.87,91.280353200883,5.58964679911701
"831","Shelby","Overall Pool","Native Hawaiian/Pacific Islander",1182,0,0,0,0
"831","Shelby","Overall Pool","Asian",1182,1,0.08,0.475462727118356,-0.395462727118356
"831","Shelby","Overall Pool","American Indian/Alaskan Native",1182,1,0.08,0.857530989981321,-0.777530989981321
"831","Shelby","Overall Pool","Multiracial",1182,9,0.76,4.3980302258448,-3.6380302258448
"841","Sioux","Overall Pool","Native Hawaiian/Pacific Islander",2335,1,0.04,0.0165690931183033,0.0234309068816967
"841","Sioux","Overall Pool","Black/African American",2335,11,0.47,0.590964321219485,-0.120964321219485
"841","Sioux","Overall Pool","Asian",2335,20,0.86,0.544018557384293,0.315981442615707
"841","Sioux","Overall Pool","White",2335,2197,94.09,82.7957583121617,11.2942416878383
"841","Sioux","Overall Pool","HLSO Ethnicity",2335,157,6.72,14.3405500938915,-7.62055009389153
"841","Sioux","Overall Pool","Multiracial",2335,11,0.47,6.60278360764388,-6.13278360764388
"841","Sioux","Overall Pool","American Indian/Alaskan Native",2335,4,0.17,0.358997017563239,-0.188997017563239
"851","Story","Overall Pool","Black/African American",8614,186,2.16,2.78303107518962,-0.623031075189616
"851","Story","Overall Pool","Native Hawaiian/Pacific Islander",8614,10,0.12,0.109489777636215,0.0105102223637848
"851","Story","Overall Pool","American Indian/Alaskan Native",8614,17,0.2,0.462843150916728,-0.262843150916728
"851","Story","Overall Pool","HLSO Ethnicity",8614,297,3.45,5.15995461151036,-1.70995461151036
"851","Story","Overall Pool","Multiracial",8614,133,1.54,5.77707881273267,-4.23707881273267
"851","Story","Overall Pool","Asian",8614,421,4.89,6.61019648438278,-1.72019648438278
"851","Story","Overall Pool","White",8614,7670,89.04,80.9836163478192,8.05638365218084
"861","Tama","Overall Pool","HLSO Ethnicity",1675,67,4,11.6670618923405,-7.66706189234053
"861","Tama","Overall Pool","Asian",1675,6,0.36,0.687692672516007,-0.327692672516007
"861","Tama","Overall Pool","White",1675,1473,87.94,78.3732511263932,9.56674887360683
"861","Tama","Overall Pool","American Indian/Alaskan Native",1675,110,6.57,6.10030827602561,0.46969172397439
"861","Tama","Overall Pool","Native Hawaiian/Pacific Islander",1675,4,0.24,0.0355703106473797,0.20442968935262
"861","Tama","Overall Pool","Black/African American",1675,11,0.66,1.2271757173346,-0.567175717334598
"861","Tama","Overall Pool","Multiracial",1675,18,1.07,10.0248992174532,-8.95489921745317
"871","Taylor","Overall Pool","Asian",634,3,0.47,0.153374233128834,0.316625766871166
"871","Taylor","Overall Pool","HLSO Ethnicity",634,18,2.84,8.11179277436946,-5.27179277436946
"871","Taylor","Overall Pool","Native Hawaiian/Pacific Islander",634,1,0.16,0,0.16
"871","Taylor","Overall Pool","Black/African American",634,4,0.63,0.170415814587594,0.459584185412406
"871","Taylor","Overall Pool","American Indian/Alaskan Native",634,1,0.16,0.306748466257669,-0.146748466257669
"871","Taylor","Overall Pool","Multiracial",634,4,0.63,3.7321063394683,-3.1021063394683
"871","Taylor","Overall Pool","White",634,599,94.48,88.8718473074301,5.60815269256987
"881","Union","Overall Pool","White",755,725,96.03,91.870257650296,4.15974234970399
"881","Union","Overall Pool","American Indian/Alaskan Native",755,3,0.4,0.133411156507963,0.266588843492037
"881","Union","Overall Pool","Multiracial",755,8,1.06,3.09347119152839,-2.03347119152839
"881","Union","Overall Pool","Black/African American",755,4,0.53,1.63428666722255,-1.10428666722255
"881","Union","Overall Pool","HLSO Ethnicity",755,14,1.85,3.83557074960394,-1.98557074960394
"881","Union","Overall Pool","Asian",755,7,0.93,0.883848911865255,0.0461510881347453
"881","Union","Overall Pool","Native Hawaiian/Pacific Islander",755,0,0,0,0
"891","Van Buren","Overall Pool","Asian",622,6,0.96,0.0414307416102748,0.918569258389725
"891","Van Buren","Overall Pool","HLSO Ethnicity",622,10,1.61,1.76771164203839,-0.157711642038392
"891","Van Buren","Overall Pool","White",622,599,96.3,94.3654191410026,1.93458085899736
"891","Van Buren","Overall Pool","American Indian/Alaskan Native",622,2,0.32,0.0552409888136998,0.2647590111863
"891","Van Buren","Overall Pool","Black/African American",622,1,0.16,0.428117663306173,-0.268117663306173
"891","Van Buren","Overall Pool","Native Hawaiian/Pacific Islander",622,0,0,0,0
"891","Van Buren","Overall Pool","Multiracial",622,5,0.8,2.96920314873636,-2.16920314873636
"901","Wapello","Overall Pool","American Indian/Alaskan Native",3175,18,0.57,0.438323624229399,0.131676375770601
"901","Wapello","Overall Pool","Native Hawaiian/Pacific Islander",3175,30,0.94,2.4235054578361,-1.4835054578361
"901","Wapello","Overall Pool","Asian",3175,42,1.32,1.79288501781573,-0.472885017815734
"901","Wapello","Overall Pool","HLSO Ethnicity",3175,259,8.16,13.4268423731689,-5.26684237316894
"901","Wapello","Overall Pool","Multiracial",3175,28,0.88,8.97856456082801,-8.09856456082801
"901","Wapello","Overall Pool","Black/African American",3175,82,2.58,3.02019116565805,-0.440191165658051
"901","Wapello","Overall Pool","White",3175,2783,87.65,75.6461738589446,12.0038261410554
"911","Warren","Overall Pool","HLSO Ethnicity",1994,58,2.91,3.71262107371942,-0.802621073719421
"911","Warren","Overall Pool","Native Hawaiian/Pacific Islander",1994,5,0.25,0.0147034497969086,0.235296550203091
"911","Warren","Overall Pool","White",1994,1905,95.54,91.9278060614972,3.61219393850283
"911","Warren","Overall Pool","Asian",1994,23,1.15,0.748038008417725,0.401961991582275
"911","Warren","Overall Pool","Black/African American",1994,13,0.65,0.744362145968498,-0.0943621459684978
"911","Warren","Overall Pool","Multiracial",1994,18,0.9,4.64996599827234,-3.74996599827234
"911","Warren","Overall Pool","American Indian/Alaskan Native",1994,5,0.25,0.283041408590491,-0.0330414085904905
"921","Washington","Overall Pool","Multiracial",1575,14,0.89,5.23469704357076,-4.34469704357076
"921","Washington","Overall Pool","Native Hawaiian/Pacific Islander",1575,0,0,0.0177297105624751,-0.0177297105624751
"921","Washington","Overall Pool","Black/African American",1575,18,1.14,1.04605292318603,0.093947076813971
"921","Washington","Overall Pool","American Indian/Alaskan Native",1575,5,0.32,0.00886485528123753,0.311135144718762
"921","Washington","Overall Pool","HLSO Ethnicity",1575,68,4.32,7.75231594344222,-3.43231594344222
"921","Washington","Overall Pool","White",1575,1484,94.22,88.6840122335003,5.53598776649972
"921","Washington","Overall Pool","Asian",1575,7,0.44,0.385621204733833,0.0543787952661673
"931","Wayne","Overall Pool","Asian",530,0,0,0.091855480710349,-0.091855480710349
"931","Wayne","Overall Pool","White",530,521,98.3,93.7232088181262,4.57679118187384
"931","Wayne","Overall Pool","HLSO Ethnicity",530,5,0.94,1.17881200244948,-0.23881200244948
"931","Wayne","Overall Pool","Multiracial",530,2,0.38,5.32761788120025,-4.94761788120025
"931","Wayne","Overall Pool","American Indian/Alaskan Native",530,4,0.75,0.122473974280465,0.627526025719535
"931","Wayne","Overall Pool","Native Hawaiian/Pacific Islander",530,0,0,0,0
"931","Wayne","Overall Pool","Black/African American",530,2,0.38,0.183710961420698,0.196289038579302
"941","Webster","Overall Pool","Multiracial",4115,63,1.53,7.91086048907444,-6.38086048907444
"941","Webster","Overall Pool","White",4115,3770,91.62,83.8800628964919,7.73993710350811
"941","Webster","Overall Pool","Black/African American",4115,128,3.11,3.25597787778561,-0.14597787778561
"941","Webster","Overall Pool","Native Hawaiian/Pacific Islander",4115,3,0.07,0,0.07
"941","Webster","Overall Pool","American Indian/Alaskan Native",4115,17,0.41,0.260261345768042,0.149738654231958
"941","Webster","Overall Pool","Asian",4115,36,0.87,1.23353033671312,-0.363530336713116
"941","Webster","Overall Pool","HLSO Ethnicity",4115,139,3.38,6.61226481591932,-3.23226481591932
"951","Winnebago","Overall Pool","Asian",1032,8,0.78,1.32287631106492,-0.542876311064915
"951","Winnebago","Overall Pool","Black/African American",1032,14,1.36,2.23944061230275,-0.879440612302749
"951","Winnebago","Overall Pool","Multiracial",1032,11,1.07,5.99073986582255,-4.92073986582255
"951","Winnebago","Overall Pool","White",1032,974,94.38,88.9634319191156,5.41656808088443
"951","Winnebago","Overall Pool","HLSO Ethnicity",1032,43,4.17,5.84900311820845,-1.67900311820845
"951","Winnebago","Overall Pool","American Indian/Alaskan Native",1032,1,0.1,0.207880563167344,-0.107880563167344
"951","Winnebago","Overall Pool","Native Hawaiian/Pacific Islander",1032,0,0,0,0
"961","Winneshiek","Overall Pool","Native Hawaiian/Pacific Islander",1316,2,0.15,0.00503195290092084,0.144968047099079
"961","Winneshiek","Overall Pool","American Indian/Alaskan Native",1316,0,0,0.367332561767222,-0.367332561767222
"961","Winneshiek","Overall Pool","Asian",1316,10,0.76,0.538418960398531,0.221581039601469
"961","Winneshiek","Overall Pool","HLSO Ethnicity",1316,16,1.22,3.07955517536356,-1.85955517536356
"961","Winneshiek","Overall Pool","Multiracial",1316,9,0.68,4.513661752126,-3.833661752126
"961","Winneshiek","Overall Pool","Black/African American",1316,4,0.3,0.407588184974589,-0.107588184974589
"961","Winneshiek","Overall Pool","White",1316,1286,97.72,93.2571831127661,4.46281688723394
"971","Woodbury","Overall Pool","Asian",10699,281,2.63,2.36524325392717,0.26475674607283
"971","Woodbury","Overall Pool","Multiracial",10699,229,2.14,14.2978154677309,-12.1578154677309
"971","Woodbury","Overall Pool","American Indian/Alaskan Native",10699,152,1.42,1.78734458384707,-0.367344583847073
"971","Woodbury","Overall Pool","White",10699,8864,82.85,67.0880118968065,15.7619881031935
"971","Woodbury","Overall Pool","Black/African American",10699,362,3.38,4.94602200532721,-1.56602200532721
"971","Woodbury","Overall Pool","HLSO Ethnicity",10699,1267,11.84,19.1214810771128,-7.28148107711277
"971","Woodbury","Overall Pool","Native Hawaiian/Pacific Islander",10699,32,0.3,0.729432360443118,-0.429432360443118
"981","Worth","Overall Pool","Multiracial",931,9,0.97,3.65986394557823,-2.68986394557823
"981","Worth","Overall Pool","HLSO Ethnicity",931,22,2.36,3.51020408163265,-1.15020408163265
"981","Worth","Overall Pool","Asian",931,0,0,0.557823129251701,-0.557823129251701
"981","Worth","Overall Pool","American Indian/Alaskan Native",931,1,0.11,0.163265306122449,-0.053265306122449
"981","Worth","Overall Pool","Native Hawaiian/Pacific Islander",931,0,0,0,0
"981","Worth","Overall Pool","Black/African American",931,2,0.21,0.802721088435374,-0.592721088435374
"981","Worth","Overall Pool","White",931,912,97.96,93.2925170068027,4.66748299319727
"991","Wright","Overall Pool","Multiracial",797,8,1,14.4242045188023,-13.4242045188023
"991","Wright","Overall Pool","Black/African American",797,5,0.63,0.437807833633023,0.192192166366977
"991","Wright","Overall Pool","White",797,732,91.84,75.5374872957548,16.3025127042452
"991","Wright","Overall Pool","HLSO Ethnicity",797,73,9.16,19.9124384332734,-10.7524384332734
"991","Wright","Overall Pool","American Indian/Alaskan Native",797,3,0.38,0.547259792041279,-0.167259792041279
"991","Wright","Overall Pool","Native Hawaiian/Pacific Islander",797,0,0,0,0
"991","Wright","Overall Pool","Asian",797,6,0.75,0.469079821749668,0.280920178250332
