County,White (Not Hispanic) - Estimate,White (Not Hispanic) - Margin of Error,Black - Estimate,Black - Margin of Error,American Indian - Estimate,American Indian - Margin of Error,Asian - Estimate,Asian - Margin of Error,Native Hawaiian - Estimate,Native Hawaiian - Margin of Error,Other - Estimate,Other - Margin of Error,Multi Race - Estimate,Multi Race - Margin of Error,Hispanic - Estimate,Hispanic - Margin of Error
Adair,6942,46,115,16,13,25,23,16,5,11,62,42,201,50,235,*****
Adams,3422,24,11,10,8,15,0,10,0,10,5,7,164,37,63,*****
Allamakee,12193,115,257,49,124,115,57,33,0,16,310,153,928,217,1289,*****
Appanoose,11423,52,100,93,3,7,111,39,0,16,0,16,366,156,249,135
Audubon,5254,47,28,31,10,14,3,13,14,18,64,51,187,48,140,*****
Benton,24293,106,107,42,26,27,60,33,0,19,319,98,837,138,507,*****
Black Hawk,102297,341,12135,599,382,226,3565,259,964,33,3191,562,6664,873,6861,*****
Boone,24771,134,307,91,11,10,53,24,0,19,169,120,1029,204,783,*****
Bremer,23256,196,289,69,12,14,226,60,8,12,382,176,955,144,528,*****
Buchanan,19649,54,124,85,58,54,40,24,13,13,80,56,517,122,400,*****
Buena Vista,10808,112,679,80,85,76,1982,145,608,42,2338,638,2604,573,6094,*****
Butler,13493,69,24,25,7,8,179,34,0,16,122,68,387,77,249,*****
Calhoun,8954,56,158,52,17,15,22,14,0,15,130,65,450,84,266,*****
Carroll,18932,131,139,98,22,23,39,46,0,19,191,111,1069,189,720,*****
Cass,12244,46,118,22,43,50,68,22,54,61,121,97,308,105,357,*****
Cedar,17095,99,79,53,13,15,96,59,10,17,73,57,840,133,507,*****
Cerro Gordo,37619,100,987,235,77,48,499,95,267,22,291,105,2280,287,2397,*****
Cherokee,10280,143,202,135,0,16,43,55,0,16,148,90,813,202,621,*****
Chickasaw,10930,87,64,38,46,47,2,5,2,5,84,269,455,290,545,*****
Clarke,7488,110,5,11,97,155,54,35,0,15,1022,446,703,305,1624,*****
Clay,14994,106,45,48,26,27,124,64,0,16,322,262,659,178,781,*****
Clayton,16154,50,112,66,10,9,56,23,0,16,95,52,581,82,394,*****
Clinton,41188,185,1434,247,126,86,310,100,0,22,279,140,2726,408,1668,*****
Crawford,10106,39,152,107,117,105,357,61,0,16,1861,592,2985,646,5019,*****
Dallas,87326,577,3189,394,186,136,5263,371,32,42,1949,588,6742,864,7453,*****
Davis,8592,140,0,15,15,22,1,3,0,15,230,153,269,58,223,*****
Decatur,6997,58,102,38,16,16,56,30,1,3,107,54,356,99,274,*****
Delaware,16514,245,13,20,188,123,0,16,0,16,90,84,731,238,301,*****
Des Moines,32523,233,1830,282,126,93,464,139,1,3,225,159,2951,421,1415,*****
Dickinson,16795,81,6,5,10,18,83,56,0,16,73,57,853,153,513,*****
Dubuque,87398,342,2932,339,39,29,1354,153,802,46,876,245,4977,559,3234,*****
Emmet,7893,113,152,61,6,11,21,22,5,11,282,171,726,226,942,*****
Fayette,17555,170,153,59,69,47,177,62,1,3,78,44,1026,214,593,*****
Floyd,13594,198,211,58,8,10,247,25,10,18,29,34,1029,223,595,*****
Franklin,7987,57,67,65,29,30,36,41,0,15,498,212,990,231,1642,*****
Fremont,5955,110,39,33,5,7,10,14,0,15,20,20,450,119,219,*****
Greene,8019,60,10,15,23,25,55,23,0,15,43,38,421,101,307,*****
Grundy,11749,87,71,31,58,40,59,10,0,16,191,94,228,80,219,*****
Guthrie,9880,62,60,44,15,11,50,26,27,32,168,63,437,78,331,*****
Hamilton,12471,48,144,45,49,34,338,101,21,41,347,253,1117,319,1510,*****
Hancock,9618,84,48,40,11,16,133,73,0,16,130,88,379,131,635,*****
Hardin,14984,52,180,67,152,85,149,34,0,16,433,131,565,122,911,*****
Harrison,13813,67,18,18,9,15,43,29,0,16,93,59,587,104,328,*****
Henry,17245,161,510,76,106,87,205,110,7,13,379,145,1160,224,1109,*****
Howard,8782,63,79,47,23,16,31,17,0,15,174,92,338,106,312,*****
Humboldt,8667,63,32,30,16,19,98,76,70,86,278,119,359,119,551,*****
Ida,6324,61,23,27,32,42,46,37,0,15,97,41,318,92,286,*****
Iowa,15270,213,54,40,15,16,40,42,0,16,193,157,672,202,564,*****
Jackson,18158,113,189,110,13,19,22,28,90,121,135,95,521,106,306,*****
Jasper,34444,312,583,131,32,22,281,76,65,101,583,180,1604,380,1177,*****
Jefferson,12941,97,399,64,123,138,1285,65,0,16,102,61,543,162,644,*****
Johnson,117191,421,12059,589,273,107,8849,488,31,32,3677,614,12096,1102,10554,*****
Jones,19126,174,514,56,17,15,128,13,0,19,207,153,829,226,543,*****
Keokuk,9387,29,26,19,9,10,20,16,0,15,97,44,319,45,233,*****
Kossuth,13315,134,104,54,19,20,60,15,8,9,248,199,648,238,654,*****
Lee,29696,87,815,142,35,29,185,71,21,33,348,135,1536,256,1145,*****
Linn,189409,661,13735,865,507,221,5504,395,53,61,2821,670,15022,1206,9482,*****
Louisa,8220,44,110,74,67,51,231,79,0,16,983,181,858,190,1754,*****
Lucas,8192,67,25,14,1,2,73,35,0,15,168,100,234,110,255,*****
Lyon,11356,23,43,25,19,20,59,26,4,7,146,59,495,82,470,*****
Madison,15953,84,149,56,16,25,76,49,8,14,72,51,504,143,383,*****
Mahaska,20161,98,293,83,18,23,229,83,65,76,151,79,955,187,550,*****
Marion,31393,98,141,68,12,12,473,94,0,22,217,142,1039,186,773,*****
Marshall,26461,189,824,295,506,334,1652,167,0,22,3289,803,5513,914,9875,*****
Mills,13503,48,59,50,16,17,82,38,0,16,62,62,744,130,563,*****
Mitchell,10061,34,37,32,34,38,64,9,0,16,105,46,197,66,257,*****
Monona,7944,18,21,25,40,41,0,15,0,15,5,10,497,64,233,*****
Monroe,7121,23,90,62,11,18,35,25,3,10,17,23,211,75,156,*****
Montgomery,9392,78,184,101,6,7,109,69,37,42,130,85,337,120,82,52
Muscatine,31908,188,958,252,136,89,272,114,0,22,3491,653,3405,591,8005,*****
O'Brien,12288,139,240,48,55,55,92,32,22,10,487,145,872,251,1074,*****
Osceola,5126,48,29,40,65,53,35,19,0,15,126,102,619,157,647,*****
Page,13662,70,259,80,83,43,99,84,2,5,125,77,723,157,505,*****
Palo Alto,8088,93,145,30,21,22,57,32,0,15,124,46,399,121,311,*****
Plymouth,22664,69,615,64,110,52,135,25,112,81,531,269,1222,249,1653,*****
Pocahontas,6242,31,91,62,17,14,12,18,55,55,167,59,377,93,412,*****
Polk,368110,948,37401,1278,1562,557,25053,638,238,163,18722,1778,38930,2437,52317,*****
Pottawattamie,78988,308,1810,401,253,112,829,153,163,24,2083,444,6525,826,8536,*****
Poweshiek,16653,217,193,67,56,44,380,39,0,16,185,110,977,249,657,*****
Ringgold,4397,10,18,37,16,22,0,10,0,10,0,10,138,47,100,*****
Sac,8899,52,49,57,8,10,63,42,17,26,194,62,376,113,422,*****
Scott,134498,561,12617,675,332,102,4993,303,92,47,3477,730,14978,1053,12902,*****
Shelby,10751,91,37,51,101,60,56,85,0,16,212,64,518,148,518,*****
Sioux,29982,112,214,48,130,112,197,76,6,7,2483,650,2391,600,5193,*****
Story,81361,441,2796,264,465,214,6641,487,110,86,1819,365,5804,725,5184,*****
Tama,13220,34,207,75,1029,102,116,22,6,10,360,219,1691,257,1968,*****
Taylor,5215,36,10,10,18,28,9,16,0,15,319,87,219,53,476,*****
Union,11018,60,196,131,16,25,106,73,0,16,173,58,371,114,460,*****
Van Buren,6833,69,31,13,4,6,3,4,0,15,74,63,215,47,128,*****
Wapello,26750,115,1068,239,155,135,634,212,857,22,1508,367,3175,519,4748,*****
Warren,50017,216,405,110,154,126,407,111,8,13,329,154,2530,335,2020,*****
Washington,20008,70,236,93,2,4,87,64,4,8,714,212,1181,203,1749,*****
Wayne,6122,88,12,17,8,11,6,10,0,15,13,25,348,111,77,50
Webster,30940,163,1201,225,96,84,455,79,0,22,431,158,2918,396,2439,*****
Winnebago,9415,63,237,94,22,31,140,4,0,16,87,50,634,131,619,*****
Winneshiek,18533,87,81,50,73,77,107,45,1,3,136,65,897,200,612,*****
Woodbury,71279,382,5255,441,1899,286,2513,246,775,61,5061,720,15191,1034,20316,*****
Worth,6857,12,59,40,12,9,41,48,0,15,13,12,269,72,258,*****
Wright,9662,134,56,73,70,70,60,58,0,16,912,414,1845,388,2547,*****
