CD_COUNTY,MULTI_RACE_BREAKOUT,MULTI_RACE_COUNT,HLSO_ETHNICITY_COUNT,,,Note: Only counties that had criminal panels with Multi Race information appear in this section.
061 Benton,"Multi Race Black/African American, White",1,0,,,
061 Benton,Multi Race Other,1,1,,,
071 Black Hawk,"Multi Race American Indian/Alaskan Native, Asian, White",1,0,,,
071 Black Hawk,"Multi Race American Indian/Alaskan Native, Black/African American, Other, Unknown, White",1,0,,,
071 Black Hawk,"Multi Race American Indian/Alaskan Native, Native Hawaiian/Other Pacific Islander",1,1,,,
071 Black Hawk,"Multi Race American Indian/Alaskan Native, White",1,0,,,
071 Black Hawk,Multi Race Asian,1,0,,,
071 Black Hawk,"Multi Race Asian, Black/African American",1,0,,,
071 Black Hawk,"Multi Race Asian, White",5,0,,,
071 Black Hawk,Multi Race Black/African American,1,0,,,
071 Black Hawk,"Multi Race Black/African American, White",25,1,,,
071 Black Hawk,Multi Race Other,3,2,,,
071 Black Hawk,"Multi Race Other, White",10,10,,,
071 Black Hawk,Multi Race Unknown,1,0,,,
071 Black Hawk,Multi Race White,4,4,,,
081 Boone,"Multi Race American Indian/Alaskan Native, Asian, Black/African American, White",1,0,,,
081 Boone,"Multi Race Asian, Native Hawaiian/Other Pacific Islander, Other",1,0,,,
081 Boone,"Multi Race Asian, White",2,0,,,
081 Boone,Multi Race White,1,1,,,
091 Bremer,"Multi Race Black/African American, White",2,0,,,
091 Bremer,"Multi Race Other, White",1,1,,,
101 Buchanan,"Multi Race Asian, White",1,0,,,
101 Buchanan,"Multi Race Black/African American, White",1,0,,,
141 Carroll,"Multi Race American Indian/Alaskan Native, White",2,1,,,
141 Carroll,Multi Race White,1,1,,,
171 Cerro Gordo,"Multi Race Black/African American, White",2,0,,,
171 Cerro Gordo,Multi Race Other,1,1,,,
171 Cerro Gordo,"Multi Race Other, White",2,1,,,
171 Cerro Gordo,Multi Race White,1,1,,,
201 Clarke,"Multi Race American Indian/Alaskan Native, White",1,0,,,
201 Clarke,"Multi Race Other, White",1,1,,,
231 Clinton,Multi Race ,2,1,,,
231 Clinton,"Multi Race American Indian/Alaskan Native, Black/African American, White",1,0,,,
231 Clinton,"Multi Race American Indian/Alaskan Native, White",1,0,,,
231 Clinton,"Multi Race Black/African American, Other, White",1,0,,,
231 Clinton,"Multi Race Black/African American, White",4,0,,,
231 Clinton,"Multi Race Other, White",1,1,,,
231 Clinton,Multi Race White,2,2,,,
251 Dallas,"Multi Race American Indian/Alaskan Native, Unknown, White",1,0,,,
251 Dallas,"Multi Race American Indian/Alaskan Native, White",3,0,,,
251 Dallas,Multi Race Asian,1,1,,,
251 Dallas,"Multi Race Asian, White",2,0,,,
251 Dallas,"Multi Race Black/African American, White",2,0,,,
251 Dallas,"Multi Race Other, White",2,1,,,
251 Dallas,Multi Race Unknown,1,0,,,
291 Des Moines,Multi Race ,1,0,,,
291 Des Moines,"Multi Race American Indian/Alaskan Native, Other, White",1,0,,,
291 Des Moines,"Multi Race Black/African American, White",6,1,,,
291 Des Moines,Multi Race Other,1,1,,,
291 Des Moines,"Multi Race Other, White",3,3,,,
291 Des Moines,Multi Race White,2,2,,,
311 Dubuque,"Multi Race American Indian/Alaskan Native, White",2,1,,,
311 Dubuque,"Multi Race Asian, Black/African American, White",1,0,,,
311 Dubuque,"Multi Race Asian, White",1,0,,,
311 Dubuque,"Multi Race Black/African American, Other, White",1,1,,,
311 Dubuque,"Multi Race Black/African American, White",4,1,,,
311 Dubuque,Multi Race Other,1,0,,,
311 Dubuque,"Multi Race Other, White",1,1,,,
321 Emmet,"Multi Race Asian, White",1,0,,,
321 Emmet,"Multi Race Black/African American, White",1,0,,,
361 Fremont,"Multi Race American Indian/Alaskan Native, White",1,1,,,
361 Fremont,"Multi Race Native Hawaiian/Other Pacific Islander, White",1,0,,,
391 Guthrie,"Multi Race American Indian/Alaskan Native, Black/African American, White",1,0,,,
391 Guthrie,"Multi Race Asian, Native Hawaiian/Other Pacific Islander, Other",1,0,,,
411 Hancock,"Multi Race American Indian/Alaskan Native, White",1,0,,,
411 Hancock,Multi Race White,1,1,,,
441 Henry,"Multi Race Black/African American, White",1,0,,,
501 Jasper,"Multi Race Asian, White",1,1,,,
501 Jasper,"Multi Race Black/African American, White",1,0,,,
501 Jasper,"Multi Race Other, White",1,1,,,
511 Jefferson,"Multi Race American Indian/Alaskan Native, Black/African American, Other, White",1,1,,,
511 Jefferson,"Multi Race American Indian/Alaskan Native, Unknown, White",1,0,,,
511 Jefferson,"Multi Race Other, White",1,1,,,
521 Johnson,"Multi Race American Indian/Alaskan Native, White",2,1,,,
521 Johnson,"Multi Race Asian, White",5,0,,,
521 Johnson,"Multi Race Black/African American, Unknown, White",1,0,,,
521 Johnson,"Multi Race Black/African American, White",5,0,,,
521 Johnson,"Multi Race Native Hawaiian/Other Pacific Islander, White",1,0,,,
521 Johnson,Multi Race Other,1,1,,,
521 Johnson,"Multi Race Other, White",2,2,,,
531 Jones,Multi Race White,1,1,,,
551 Kossuth,Multi Race Other,1,1,,,
561 Lee,"Multi Race Black/African American, White",1,0,,,
571 Linn,Multi Race American Indian/Alaskan Native,1,1,,,
571 Linn,"Multi Race American Indian/Alaskan Native, Black/African American, Native Hawaiian/Other Pacific Islander, Other, White",1,0,,,
571 Linn,"Multi Race American Indian/Alaskan Native, Black/African American, Other, White",1,0,,,
571 Linn,"Multi Race American Indian/Alaskan Native, Black/African American, White",3,0,,,
571 Linn,"Multi Race American Indian/Alaskan Native, Other",2,2,,,
571 Linn,"Multi Race American Indian/Alaskan Native, White",4,0,,,
571 Linn,"Multi Race Asian, Native Hawaiian/Other Pacific Islander, White",1,0,,,
571 Linn,"Multi Race Asian, White",3,0,,,
571 Linn,Multi Race Black/African American,1,0,,,
571 Linn,"Multi Race Black/African American, Other",1,1,,,
571 Linn,"Multi Race Black/African American, Other, White",1,1,,,
571 Linn,"Multi Race Black/African American, Unknown, White",1,0,,,
571 Linn,"Multi Race Black/African American, White",13,1,,,
571 Linn,"Multi Race Native Hawaiian/Other Pacific Islander, White",1,0,,,
571 Linn,Multi Race Other,3,2,,,
571 Linn,"Multi Race Other, White",2,2,,,
571 Linn,Multi Race White,6,5,,,
581 Louisa,Multi Race Other,1,1,,,
581 Louisa,Multi Race White,2,2,,,
591 Lucas,"Multi Race American Indian/Alaskan Native, Asian, White",1,0,,,
591 Lucas,"Multi Race Black/African American, White",1,0,,,
601 Lyon,"Multi Race American Indian/Alaskan Native, Asian, White",1,0,,,
601 Lyon,"Multi Race American Indian/Alaskan Native, Other, White",1,0,,,
611 Madison,"Multi Race Asian, White",1,0,,,
611 Madison,Multi Race White,1,1,,,
621 Mahaska,"Multi Race American Indian/Alaskan Native, White",1,1,,,
621 Mahaska,"Multi Race Asian, White",2,0,,,
621 Mahaska,"Multi Race Black/African American, White",1,0,,,
641 Marshall,"Multi Race Asian, White",1,0,,,
641 Marshall,"Multi Race Black/African American, White",4,0,,,
641 Marshall,"Multi Race Other, White",3,3,,,
641 Marshall,"Multi Race Unknown, White",1,1,,,
641 Marshall,Multi Race White,1,1,,,
651 Mills,"Multi Race Asian, White",1,0,,,
651 Mills,"Multi Race Black/African American, Other, White",1,1,,,
701 Muscatine,"Multi Race American Indian/Alaskan Native, Other, White",1,1,,,
701 Muscatine,"Multi Race American Indian/Alaskan Native, White",1,0,,,
701 Muscatine,"Multi Race Asian, White",2,0,,,
701 Muscatine,"Multi Race Black/African American, White",2,1,,,
701 Muscatine,"Multi Race Native Hawaiian/Other Pacific Islander, White",1,0,,,
701 Muscatine,Multi Race Other,4,4,,,
701 Muscatine,"Multi Race Other, White",8,7,,,
701 Muscatine,Multi Race White,3,3,,,
711 O'Brien,"Multi Race American Indian/Alaskan Native, White",1,0,,,
731 Page,"Multi Race American Indian/Alaskan Native, Asian, Native Hawaiian/Other Pacific Islander, White",1,0,,,
741 Palo Alto,Multi Race Unknown,1,1,,,
751 Plymouth,"Multi Race Black/African American, White",2,0,,,
751 Plymouth,Multi Race White,1,1,,,
771 Polk,"Multi Race American Indian/Alaskan Native, Black/African American",2,0,,,
771 Polk,"Multi Race American Indian/Alaskan Native, Black/African American, Native Hawaiian/Other Pacific Islander",1,0,,,
771 Polk,"Multi Race American Indian/Alaskan Native, Black/African American, White",4,2,,,
771 Polk,"Multi Race American Indian/Alaskan Native, Other",1,0,,,
771 Polk,"Multi Race American Indian/Alaskan Native, Other, White",5,5,,,
771 Polk,"Multi Race American Indian/Alaskan Native, White",6,2,,,
771 Polk,Multi Race Asian,1,1,,,
771 Polk,"Multi Race Asian, Black/African American, White",1,0,,,
771 Polk,"Multi Race Asian, White",14,0,,,
771 Polk,Multi Race Black/African American,1,0,,,
771 Polk,"Multi Race Black/African American, Native Hawaiian/Other Pacific Islander, White",1,0,,,
771 Polk,"Multi Race Black/African American, Other",2,1,,,
771 Polk,"Multi Race Black/African American, Other, White",2,0,,,
771 Polk,"Multi Race Black/African American, White",20,0,,,
771 Polk,"Multi Race Native Hawaiian/Other Pacific Islander, White",1,0,,,
771 Polk,Multi Race Other,4,3,,,
771 Polk,"Multi Race Other, White",5,5,,,
771 Polk,Multi Race White,8,8,,,
781 Pottawattamie,"Multi Race Asian, Black/African American, White",1,0,,,
781 Pottawattamie,Multi Race White,2,2,,,
791 Poweshiek,"Multi Race Asian, White",1,0,,,
821 Scott,Multi Race ,1,1,,,
821 Scott,"Multi Race American Indian/Alaskan Native, Asian, Other, Unknown, White",1,0,,,
821 Scott,"Multi Race American Indian/Alaskan Native, Black/African American, White",5,0,,,
821 Scott,"Multi Race American Indian/Alaskan Native, Other, White",4,4,,,
821 Scott,"Multi Race American Indian/Alaskan Native, White",5,1,,,
821 Scott,"Multi Race Asian, Native Hawaiian/Other Pacific Islander",1,1,,,
821 Scott,"Multi Race Asian, Native Hawaiian/Other Pacific Islander, White",1,0,,,
821 Scott,"Multi Race Asian, Other, White",1,1,,,
821 Scott,"Multi Race Asian, Unknown, White",1,0,,,
821 Scott,"Multi Race Asian, White",14,0,,,
821 Scott,Multi Race Black/African American,2,2,,,
821 Scott,"Multi Race Black/African American, Other",1,1,,,
821 Scott,"Multi Race Black/African American, Other, White",5,3,,,
821 Scott,"Multi Race Black/African American, White",40,2,,,
821 Scott,"Multi Race Native Hawaiian/Other Pacific Islander, White",3,0,,,
821 Scott,Multi Race Other,6,4,,,
821 Scott,"Multi Race Other, White",22,20,,,
821 Scott,Multi Race White,15,13,,,
841 Sioux,Multi Race Other,1,1,,,
851 Story,"Multi Race American Indian/Alaskan Native, Black/African American, White",2,1,,,
851 Story,"Multi Race American Indian/Alaskan Native, White",2,0,,,
851 Story,"Multi Race Asian, White",3,0,,,
851 Story,"Multi Race Black/African American, White",4,0,,,
861 Tama,"Multi Race American Indian/Alaskan Native, Black/African American",1,0,,,
861 Tama,"Multi Race Other, White",1,1,,,
861 Tama,Multi Race White,2,1,,,
871 Taylor,"Multi Race Black/African American, White",1,0,,,
871 Taylor,"Multi Race Other, White",1,1,,,
881 Union,"Multi Race Other, Unknown, White",1,1,,,
881 Union,"Multi Race Other, White",2,1,,,
901 Wapello,Multi Race ,1,1,,,
901 Wapello,"Multi Race Asian, Black/African American",1,0,,,
901 Wapello,"Multi Race Asian, Black/African American, White",1,0,,,
901 Wapello,"Multi Race Asian, White",1,0,,,
901 Wapello,Multi Race Other,1,1,,,
901 Wapello,"Multi Race Other, White",2,1,,,
901 Wapello,Multi Race White,2,2,,,
911 Warren,"Multi Race American Indian/Alaskan Native, White",3,0,,,
911 Warren,Multi Race Black/African American,1,1,,,
911 Warren,"Multi Race Black/African American, White",1,0,,,
911 Warren,Multi Race Other,2,1,,,
911 Warren,Multi Race White,2,2,,,
921 Washington,"Multi Race American Indian/Alaskan Native, White",1,1,,,
941 Webster,"Multi Race Black/African American, White",6,0,,,
941 Webster,Multi Race Other,1,1,,,
941 Webster,"Multi Race Other, White",1,1,,,
941 Webster,Multi Race White,1,1,,,
951 Winnebago,"Multi Race Asian, White",2,0,,,
951 Winnebago,"Multi Race Black/African American, White",1,0,,,
951 Winnebago,Multi Race Other,1,1,,,
951 Winnebago,"Multi Race Other, White",1,1,,,
951 Winnebago,Multi Race White,1,1,,,
971 Woodbury,Multi Race ,2,0,,,
971 Woodbury,Multi Race American Indian/Alaskan Native,1,1,,,
971 Woodbury,"Multi Race American Indian/Alaskan Native, Asian, White",2,0,,,
971 Woodbury,"Multi Race American Indian/Alaskan Native, Black/African American",1,0,,,
971 Woodbury,"Multi Race American Indian/Alaskan Native, Other, White",2,2,,,
971 Woodbury,"Multi Race American Indian/Alaskan Native, White",3,1,,,
971 Woodbury,Multi Race Asian,1,0,,,
971 Woodbury,"Multi Race Asian, White",12,0,,,
971 Woodbury,"Multi Race Black/African American, White",5,0,,,
971 Woodbury,Multi Race Other,4,4,,,
971 Woodbury,"Multi Race Other, White",4,2,,,
971 Woodbury,Multi Race Unknown,1,1,,,
971 Woodbury,Multi Race White,6,5,,,
991 Wright,"Multi Race American Indian/Alaskan Native, White",1,0,,,